"Site","Date","Type","Analysis","count","year","month","day","DOY","notes"
"Bay Intake",2016-04-22,"Chlorophyll","avg_chl",30.95,2016,4,22,113,""
"Bay Intake",2016-04-22,"Chlorophyll sd","sd_chl",3.04019736201451,2016,4,22,113,""
"Bay Intake",2016-05-19,"Chlorophyll","avg_chl",17.0833333333333,2016,5,19,140,""
"Bay Intake",2016-05-19,"Chlorophyll sd","sd_chl",0.575181130891246,2016,5,19,140,""
"Bay Intake",2016-05-30,"Chlorophyll","avg_chl",12.45,2016,5,30,151,""
"Bay Intake",2016-05-30,"Chlorophyll sd","sd_chl",3.67695526217005,2016,5,30,151,""
"Bay Intake",2016-05-09,"Chlorophyll","avg_chl",17.4833333333333,2016,5,9,130,""
"Bay Intake",2016-05-09,"Chlorophyll sd","sd_chl",1.88797069186292,2016,5,9,130,""
"Bells",2016-06-15,"Chlorophyll","avg_chl",11.4366666666667,2016,6,15,167,""
"Bells",2016-06-15,"Chlorophyll sd","sd_chl",0.959183680706325,2016,6,15,167,""
"Bells",2016-06-22,"Chlorophyll","avg_chl",5.80333333333333,2016,6,22,174,""
"Bells",2016-06-22,"Chlorophyll sd","sd_chl",1.37143477181138,2016,6,22,174,""
"Bells",2016-07-11,"Chlorophyll","avg_chl",6.23,2016,7,11,193,""
"Bells",2016-07-11,"Chlorophyll sd","sd_chl",1.0105938848024,2016,7,11,193,""
"Bells",2016-07-25,"Chlorophyll","avg_chl",4.8,2016,7,25,207,""
"Bells",2016-07-25,"Chlorophyll sd","sd_chl",0.542862781925599,2016,7,25,207,""
"Bells",2016-07-27,"Chlorophyll","avg_chl",4.9,2016,7,27,209,""
"Bells",2016-07-27,"Chlorophyll sd","sd_chl",0.96938124595022,2016,7,27,209,""
"Bells",2016-07-06,"Chlorophyll","avg_chl",10.81,2016,7,6,188,""
"Bells",2016-07-06,"Chlorophyll sd","sd_chl",5.0683231941146,2016,7,6,188,""
"Bells",2016-08-17,"Chlorophyll","avg_chl",6.15666666666667,2016,8,17,230,""
"Bells",2016-08-17,"Chlorophyll sd","sd_chl",2.53055988534817,2016,8,17,230,""
"Bells",2016-08-03,"Chlorophyll","avg_chl",5.70333333333333,2016,8,3,216,""
"Bells",2016-08-03,"Chlorophyll sd","sd_chl",0.570116947067295,2016,8,3,216,""
"Bells",2016-08-31,"Chlorophyll","avg_chl",12.18,2016,8,31,244,""
"Bells",2016-08-31,"Chlorophyll sd","sd_chl",1.12467773161915,2016,8,31,244,""
"Clemons",2016-04-22,"Chlorophyll","avg_chl",44.2833333333333,2016,4,22,113,""
"Clemons",2016-04-22,"Chlorophyll sd","sd_chl",2.57643810974247,2016,4,22,113,""
"Clemons",2016-04-30,"Chlorophyll","avg_chl",53.7766666666667,2016,4,30,121,""
"Clemons",2016-04-30,"Chlorophyll sd","sd_chl",4.42503483978752,2016,4,30,121,""
"Clemons",2016-05-19,"Chlorophyll","avg_chl",31.1333333333333,2016,5,19,140,""
"Clemons",2016-05-19,"Chlorophyll sd","sd_chl",2.78851812497845,2016,5,19,140,""
"Clemons",2016-05-30,"Chlorophyll","avg_chl",11.4833333333333,2016,5,30,151,""
"Clemons",2016-05-30,"Chlorophyll sd","sd_chl",2.70015431657773,2016,5,30,151,""
"Clemons",2016-05-09,"Chlorophyll","avg_chl",40.52,2016,5,9,130,""
"Clemons",2016-05-09,"Chlorophyll sd","sd_chl",5.99302094106136,2016,5,9,130,""
"EC_1163",2016-06-15,"Chlorophyll","avg_chl",10.39,2016,6,15,167,""
"EC_1163",2016-06-15,"Chlorophyll sd","sd_chl",2.27769620450138,2016,6,15,167,""
"EC_1163",2016-06-22,"Chlorophyll","avg_chl",4.17,2016,6,22,174,""
"EC_1163",2016-06-22,"Chlorophyll sd","sd_chl",0.685054742338158,2016,6,22,174,""
"EC_1163",2016-07-11,"Chlorophyll","avg_chl",18.4,2016,7,11,193,""
"EC_1163",2016-07-11,"Chlorophyll sd","sd_chl",5.94187680787813,2016,7,11,193,""
"EC_1163",2016-07-25,"Chlorophyll","avg_chl",40.5266666666667,2016,7,25,207,""
"EC_1163",2016-07-25,"Chlorophyll sd","sd_chl",5.32015350655724,2016,7,25,207,""
"EC_1163",2016-07-27,"Chlorophyll","avg_chl",41.9666666666667,2016,7,27,209,""
"EC_1163",2016-07-27,"Chlorophyll sd","sd_chl",3.31285878560094,2016,7,27,209,""
"EC_1163",2016-07-06,"Chlorophyll","avg_chl",9.64,2016,7,6,188,""
"EC_1163",2016-07-06,"Chlorophyll sd","sd_chl",2.64289613870844,2016,7,6,188,""
"EC_1163",2016-08-17,"Chlorophyll","avg_chl",23.91,2016,8,17,230,""
"EC_1163",2016-08-17,"Chlorophyll sd","sd_chl",4.148337016203,2016,8,17,230,""
"EC_1163",2016-08-03,"Chlorophyll","avg_chl",18.2733333333333,2016,8,3,216,""
"EC_1163",2016-08-03,"Chlorophyll sd","sd_chl",2.54419600922046,2016,8,3,216,""
"EC_1163",2016-08-31,"Chlorophyll","avg_chl",16.4433333333333,2016,8,31,244,""
"EC_1163",2016-08-31,"Chlorophyll sd","sd_chl",0.466082968293558,2016,8,31,244,""
"Intake",2016-05-30,"Chlorophyll","avg_chl",16.1,2016,5,30,151,""
"Intake",2016-05-30,"Chlorophyll sd","sd_chl",NA,2016,5,30,151,""
"ODNR_1",2016-06-15,"Chlorophyll","avg_chl",12.1366666666667,2016,6,15,167,""
"ODNR_1",2016-06-15,"Chlorophyll sd","sd_chl",0.593660958235703,2016,6,15,167,""
"ODNR_1",2016-06-22,"Chlorophyll","avg_chl",6.29666666666667,2016,6,22,174,""
"ODNR_1",2016-06-22,"Chlorophyll sd","sd_chl",1.82022892333171,2016,6,22,174,""
"ODNR_1",2016-07-11,"Chlorophyll","avg_chl",18.5933333333333,2016,7,11,193,""
"ODNR_1",2016-07-11,"Chlorophyll sd","sd_chl",2.29643927272927,2016,7,11,193,""
"ODNR_1",2016-07-25,"Chlorophyll","avg_chl",47.8666666666667,2016,7,25,207,""
"ODNR_1",2016-07-25,"Chlorophyll sd","sd_chl",3.33215145714197,2016,7,25,207,""
"ODNR_1",2016-07-27,"Chlorophyll","avg_chl",39.82,2016,7,27,209,""
"ODNR_1",2016-07-27,"Chlorophyll sd","sd_chl",2.86419273094532,2016,7,27,209,""
"ODNR_1",2016-07-06,"Chlorophyll","avg_chl",12.57,2016,7,6,188,""
"ODNR_1",2016-07-06,"Chlorophyll sd","sd_chl",1.67071840835013,2016,7,6,188,""
"ODNR_1",2016-08-17,"Chlorophyll","avg_chl",38.9766666666667,2016,8,17,230,""
"ODNR_1",2016-08-17,"Chlorophyll sd","sd_chl",13.8796013391356,2016,8,17,230,""
"ODNR_1",2016-08-03,"Chlorophyll","avg_chl",21.32,2016,8,3,216,""
"ODNR_1",2016-08-03,"Chlorophyll sd","sd_chl",0.466797600679353,2016,8,3,216,""
"ODNR_1",2016-08-31,"Chlorophyll","avg_chl",20.7033333333333,2016,8,31,244,""
"ODNR_1",2016-08-31,"Chlorophyll sd","sd_chl",1.27735403601873,2016,8,31,244,""
"ODNR_2",2016-06-15,"Chlorophyll","avg_chl",4.49333333333333,2016,6,15,167,""
"ODNR_2",2016-06-15,"Chlorophyll sd","sd_chl",2.04101282047255,2016,6,15,167,""
"ODNR_2",2016-06-22,"Chlorophyll","avg_chl",4.17333333333333,2016,6,22,174,""
"ODNR_2",2016-06-22,"Chlorophyll sd","sd_chl",1.36514956445561,2016,6,22,174,""
"ODNR_2",2016-07-11,"Chlorophyll","avg_chl",38.55,2016,7,11,193,""
"ODNR_2",2016-07-11,"Chlorophyll sd","sd_chl",1.35532283976918,2016,7,11,193,""
"ODNR_2",2016-07-25,"Chlorophyll","avg_chl",65.5066666666667,2016,7,25,207,""
"ODNR_2",2016-07-25,"Chlorophyll sd","sd_chl",1.62238507553951,2016,7,25,207,""
"ODNR_2",2016-07-27,"Chlorophyll","avg_chl",35.17,2016,7,27,209,""
"ODNR_2",2016-07-27,"Chlorophyll sd","sd_chl",3.28236195444683,2016,7,27,209,""
"ODNR_2",2016-07-06,"Chlorophyll","avg_chl",18.1,2016,7,6,188,""
"ODNR_2",2016-07-06,"Chlorophyll sd","sd_chl",1.58426639174099,2016,7,6,188,""
"ODNR_2",2016-08-17,"Chlorophyll","avg_chl",53.9133333333333,2016,8,17,230,""
"ODNR_2",2016-08-17,"Chlorophyll sd","sd_chl",8.64265198497159,2016,8,17,230,""
"ODNR_2",2016-08-03,"Chlorophyll","avg_chl",NA,2016,8,3,216,""
"ODNR_2",2016-08-03,"Chlorophyll sd","sd_chl",NA,2016,8,3,216,""
"ODNR_2",2016-08-31,"Chlorophyll","avg_chl",30.8966666666667,2016,8,31,244,""
"ODNR_2",2016-08-31,"Chlorophyll sd","sd_chl",3.0159630855389,2016,8,31,244,""
"ODNR_4",2016-06-15,"Chlorophyll","avg_chl",21.0433333333333,2016,6,15,167,""
"ODNR_4",2016-06-15,"Chlorophyll sd","sd_chl",12.7030875511953,2016,6,15,167,""
"ODNR_4",2016-06-22,"Chlorophyll","avg_chl",39.42,2016,6,22,174,""
"ODNR_4",2016-06-22,"Chlorophyll sd","sd_chl",5.90365988180213,2016,6,22,174,""
"ODNR_4",2016-07-11,"Chlorophyll","avg_chl",39.2933333333333,2016,7,11,193,""
"ODNR_4",2016-07-11,"Chlorophyll sd","sd_chl",15.315516097518,2016,7,11,193,""
"ODNR_4",2016-07-25,"Chlorophyll","avg_chl",37.2833333333333,2016,7,25,207,""
"ODNR_4",2016-07-25,"Chlorophyll sd","sd_chl",5.08566940857674,2016,7,25,207,""
"ODNR_4",2016-07-27,"Chlorophyll","avg_chl",41.8333333333333,2016,7,27,209,""
"ODNR_4",2016-07-27,"Chlorophyll sd","sd_chl",4.69474528950542,2016,7,27,209,""
"ODNR_4",2016-07-06,"Chlorophyll","avg_chl",65.7933333333333,2016,7,6,188,""
"ODNR_4",2016-07-06,"Chlorophyll sd","sd_chl",4.7351064753956,2016,7,6,188,""
"ODNR_4",2016-08-17,"Chlorophyll","avg_chl",113.053333333333,2016,8,17,230,""
"ODNR_4",2016-08-17,"Chlorophyll sd","sd_chl",3.71868704428503,2016,8,17,230,""
"ODNR_4",2016-08-03,"Chlorophyll","avg_chl",48.12,2016,8,3,216,""
"ODNR_4",2016-08-03,"Chlorophyll sd","sd_chl",5.40822521720388,2016,8,3,216,""
"ODNR_4",2016-08-31,"Chlorophyll","avg_chl",48.9066666666667,2016,8,31,244,""
"ODNR_4",2016-08-31,"Chlorophyll sd","sd_chl",7.42293966925054,2016,8,31,244,""
"ODNR_6",2016-06-15,"Chlorophyll","avg_chl",11.8566666666667,2016,6,15,167,""
"ODNR_6",2016-06-15,"Chlorophyll sd","sd_chl",3.6153884069811,2016,6,15,167,""
"ODNR_6",2016-06-22,"Chlorophyll","avg_chl",8.86666666666667,2016,6,22,174,""
"ODNR_6",2016-06-22,"Chlorophyll sd","sd_chl",0.522525916422653,2016,6,22,174,""
"ODNR_6",2016-07-11,"Chlorophyll","avg_chl",41.14,2016,7,11,193,""
"ODNR_6",2016-07-11,"Chlorophyll sd","sd_chl",7.18826126403319,2016,7,11,193,""
"ODNR_6",2016-07-25,"Chlorophyll","avg_chl",31.4333333333333,2016,7,25,207,""
"ODNR_6",2016-07-25,"Chlorophyll sd","sd_chl",9.51572032656137,2016,7,25,207,""
"ODNR_6",2016-07-27,"Chlorophyll","avg_chl",40.9433333333333,2016,7,27,209,""
"ODNR_6",2016-07-27,"Chlorophyll sd","sd_chl",4.75446456852224,2016,7,27,209,""
"ODNR_6",2016-07-06,"Chlorophyll","avg_chl",15.5833333333333,2016,7,6,188,""
"ODNR_6",2016-07-06,"Chlorophyll sd","sd_chl",1.58152879623905,2016,7,6,188,""
"ODNR_6",2016-08-17,"Chlorophyll","avg_chl",71.69,2016,8,17,230,""
"ODNR_6",2016-08-17,"Chlorophyll sd","sd_chl",11.6661604652088,2016,8,17,230,""
"ODNR_6",2016-08-03,"Chlorophyll","avg_chl",38.1466666666667,2016,8,3,216,""
"ODNR_6",2016-08-03,"Chlorophyll sd","sd_chl",2.05310334209784,2016,8,3,216,""
"ODNR_6",2016-08-31,"Chlorophyll","avg_chl",52.7733333333333,2016,8,31,244,""
"ODNR_6",2016-08-31,"Chlorophyll sd","sd_chl",9.13211001539805,2016,8,31,244,""
"Sandusky River",2016-04-22,"Chlorophyll","avg_chl",63.1566666666667,2016,4,22,113,""
"Sandusky River",2016-04-22,"Chlorophyll sd","sd_chl",3.34165128841017,2016,4,22,113,""
"Sandusky River",2016-05-19,"Chlorophyll","avg_chl",2.75,2016,5,19,140,""
"Sandusky River",2016-05-19,"Chlorophyll sd","sd_chl",0.721110255092798,2016,5,19,140,""
"Sandusky River",2016-05-30,"Chlorophyll","avg_chl",69.6666666666667,2016,5,30,151,""
"Sandusky River",2016-05-30,"Chlorophyll sd","sd_chl",21.3652950677807,2016,5,30,151,""
"Sandusky River",2016-05-09,"Chlorophyll","avg_chl",26.2133333333333,2016,5,9,130,""
"Sandusky River",2016-05-09,"Chlorophyll sd","sd_chl",21.6076313679527,2016,5,9,130,""
"Bells",2017-06-19,"Chlorophyll","avg_chl",23.6233333333333,2017,6,19,170,""
"Bells",2017-06-19,"Chlorophyll sd","sd_chl",6.23896091775973,2017,6,19,170,""
"Bells",2017-06-21,"Chlorophyll","avg_chl",NA,2017,6,21,172,""
"Bells",2017-06-21,"Chlorophyll sd","sd_chl",NA,2017,6,21,172,""
"Bells",2017-06-26,"Chlorophyll","avg_chl",44.79,2017,6,26,177,""
"Bells",2017-06-26,"Chlorophyll sd","sd_chl",1.20199833610534,2017,6,26,177,""
"Bells",2017-06-05,"Chlorophyll","avg_chl",5.83,2017,6,5,156,""
"Bells",2017-06-05,"Chlorophyll sd","sd_chl",2.25166604983954,2017,6,5,156,""
"Bells",2017-07-17,"Chlorophyll","avg_chl",15.92,2017,7,17,198,""
"Bells",2017-07-17,"Chlorophyll sd","sd_chl",1.55396267651446,2017,7,17,198,""
"Bells",2017-07-31,"Chlorophyll","avg_chl",13.08,2017,7,31,212,""
"Bells",2017-07-31,"Chlorophyll sd","sd_chl",1.11449540151586,2017,7,31,212,""
"Bells",2017-08-14,"Chlorophyll","avg_chl",11.23,2017,8,14,226,""
"Bells",2017-08-14,"Chlorophyll sd","sd_chl",0.631506136153878,2017,8,14,226,""
"Bells",2017-08-28,"Chlorophyll","avg_chl",14.9166666666667,2017,8,28,240,""
"Bells",2017-08-28,"Chlorophyll sd","sd_chl",2.41406986919048,2017,8,28,240,""
"Bridge",2017-06-19,"Chlorophyll","avg_chl",37.82,2017,6,19,170,""
"Bridge",2017-06-19,"Chlorophyll sd","sd_chl",3.05398100845438,2017,6,19,170,""
"Bridge",2017-06-21,"Chlorophyll","avg_chl",NA,2017,6,21,172,""
"Bridge",2017-06-21,"Chlorophyll sd","sd_chl",NA,2017,6,21,172,""
"Bridge",2017-06-26,"Chlorophyll","avg_chl",70.3766666666667,2017,6,26,177,""
"Bridge",2017-06-26,"Chlorophyll sd","sd_chl",6.87791635114395,2017,6,26,177,""
"Bridge",2017-06-05,"Chlorophyll","avg_chl",30.4733333333333,2017,6,5,156,""
"Bridge",2017-06-05,"Chlorophyll sd","sd_chl",4.19830124375721,2017,6,5,156,""
"Bridge",2017-07-17,"Chlorophyll","avg_chl",120.55,2017,7,17,198,""
"Bridge",2017-07-17,"Chlorophyll sd","sd_chl",17.1930887277417,2017,7,17,198,""
"Bridge",2017-07-31,"Chlorophyll","avg_chl",129.883333333333,2017,7,31,212,""
"Bridge",2017-07-31,"Chlorophyll sd","sd_chl",5.84825900019257,2017,7,31,212,""
"Bridge",2017-08-14,"Chlorophyll","avg_chl",40.1766666666667,2017,8,14,226,""
"Bridge",2017-08-14,"Chlorophyll sd","sd_chl",5.29890869267751,2017,8,14,226,""
"Bridge",2017-08-28,"Chlorophyll","avg_chl",38.7666666666667,2017,8,28,240,""
"Bridge",2017-08-28,"Chlorophyll sd","sd_chl",4.04554487471507,2017,8,28,240,""
"Buoy_2",2017-06-19,"Chlorophyll","avg_chl",30.8566666666667,2017,6,19,170,""
"Buoy_2",2017-06-19,"Chlorophyll sd","sd_chl",6.07230873172085,2017,6,19,170,""
"Buoy_2",2017-06-21,"Chlorophyll","avg_chl",41.0133333333333,2017,6,21,172,""
"Buoy_2",2017-06-21,"Chlorophyll sd","sd_chl",6.8869248096181,2017,6,21,172,""
"Buoy_2",2017-06-26,"Chlorophyll","avg_chl",NA,2017,6,26,177,""
"Buoy_2",2017-06-26,"Chlorophyll sd","sd_chl",NA,2017,6,26,177,""
"Buoy_2",2017-06-05,"Chlorophyll","avg_chl",20.6933333333333,2017,6,5,156,""
"Buoy_2",2017-06-05,"Chlorophyll sd","sd_chl",1.9714546237064,2017,6,5,156,""
"Buoy_2",2017-07-17,"Chlorophyll","avg_chl",155.753333333333,2017,7,17,198,""
"Buoy_2",2017-07-17,"Chlorophyll sd","sd_chl",9.30118451237977,2017,7,17,198,""
"Buoy_2",2017-07-31,"Chlorophyll","avg_chl",89.4136666666667,2017,7,31,212,""
"Buoy_2",2017-07-31,"Chlorophyll sd","sd_chl",15.976411685148,2017,7,31,212,""
"Buoy_2",2017-08-14,"Chlorophyll","avg_chl",12.36,2017,8,14,226,""
"Buoy_2",2017-08-14,"Chlorophyll sd","sd_chl",1.47712558707782,2017,8,14,226,""
"Buoy_2",2017-08-28,"Chlorophyll","avg_chl",21.86,2017,8,28,240,""
"Buoy_2",2017-08-28,"Chlorophyll sd","sd_chl",1.804854564778,2017,8,28,240,""
"EC_1163",2017-06-19,"Chlorophyll","avg_chl",12.05,2017,6,19,170,""
"EC_1163",2017-06-19,"Chlorophyll sd","sd_chl",2.63057028037648,2017,6,19,170,""
"EC_1163",2017-06-21,"Chlorophyll","avg_chl",18.1266666666667,2017,6,21,172,""
"EC_1163",2017-06-21,"Chlorophyll sd","sd_chl",2.11731748524715,2017,6,21,172,""
"EC_1163",2017-06-26,"Chlorophyll","avg_chl",23.9166666666667,2017,6,26,177,""
"EC_1163",2017-06-26,"Chlorophyll sd","sd_chl",4.52195016926694,2017,6,26,177,""
"EC_1163",2017-06-05,"Chlorophyll","avg_chl",22.7566666666667,2017,6,5,156,""
"EC_1163",2017-06-05,"Chlorophyll sd","sd_chl",6.75103942614271,2017,6,5,156,""
"EC_1163",2017-07-17,"Chlorophyll","avg_chl",108.753333333333,2017,7,17,198,""
"EC_1163",2017-07-17,"Chlorophyll sd","sd_chl",11.7515204690003,2017,7,17,198,""
"EC_1163",2017-07-31,"Chlorophyll","avg_chl",58.5466666666667,2017,7,31,212,""
"EC_1163",2017-07-31,"Chlorophyll sd","sd_chl",0.947065643624206,2017,7,31,212,""
"EC_1163",2017-08-14,"Chlorophyll","avg_chl",50.1333333333333,2017,8,14,226,""
"EC_1163",2017-08-14,"Chlorophyll sd","sd_chl",3.74552177050586,2017,8,14,226,""
"EC_1163",2017-08-28,"Chlorophyll","avg_chl",40.24,2017,8,28,240,""
"EC_1163",2017-08-28,"Chlorophyll sd","sd_chl",2.09007176910268,2017,8,28,240,""
"ODNR_1",2017-06-19,"Chlorophyll","avg_chl",52.55,2017,6,19,170,""
"ODNR_1",2017-06-19,"Chlorophyll sd","sd_chl",10.7271757699779,2017,6,19,170,""
"ODNR_1",2017-06-21,"Chlorophyll","avg_chl",NA,2017,6,21,172,""
"ODNR_1",2017-06-21,"Chlorophyll sd","sd_chl",NA,2017,6,21,172,""
"ODNR_1",2017-06-26,"Chlorophyll","avg_chl",36.5833333333333,2017,6,26,177,""
"ODNR_1",2017-06-26,"Chlorophyll sd","sd_chl",6.88909524780528,2017,6,26,177,""
"ODNR_1",2017-06-05,"Chlorophyll","avg_chl",49.4233333333333,2017,6,5,156,""
"ODNR_1",2017-06-05,"Chlorophyll sd","sd_chl",8.84845937626056,2017,6,5,156,""
"ODNR_1",2017-07-17,"Chlorophyll","avg_chl",130.236666666667,2017,7,17,198,""
"ODNR_1",2017-07-17,"Chlorophyll sd","sd_chl",27.6293400813942,2017,7,17,198,""
"ODNR_1",2017-07-31,"Chlorophyll","avg_chl",65.0066666666667,2017,7,31,212,""
"ODNR_1",2017-07-31,"Chlorophyll sd","sd_chl",6.70141278637075,2017,7,31,212,""
"ODNR_1",2017-08-14,"Chlorophyll","avg_chl",56.1133333333333,2017,8,14,226,""
"ODNR_1",2017-08-14,"Chlorophyll sd","sd_chl",9.55412127478678,2017,8,14,226,""
"ODNR_1",2017-08-28,"Chlorophyll","avg_chl",40.5266666666667,2017,8,28,240,""
"ODNR_1",2017-08-28,"Chlorophyll sd","sd_chl",0.660176744011277,2017,8,28,240,""
"ODNR_2",2017-06-19,"Chlorophyll","avg_chl",39.21,2017,6,19,170,""
"ODNR_2",2017-06-19,"Chlorophyll sd","sd_chl",21.8431476669458,2017,6,19,170,""
"ODNR_2",2017-06-21,"Chlorophyll","avg_chl",NA,2017,6,21,172,""
"ODNR_2",2017-06-21,"Chlorophyll sd","sd_chl",NA,2017,6,21,172,""
"ODNR_2",2017-06-26,"Chlorophyll","avg_chl",60.6933333333333,2017,6,26,177,""
"ODNR_2",2017-06-26,"Chlorophyll sd","sd_chl",36.2160963293027,2017,6,26,177,""
"ODNR_2",2017-06-05,"Chlorophyll","avg_chl",48.0466666666667,2017,6,5,156,""
"ODNR_2",2017-06-05,"Chlorophyll sd","sd_chl",7.12404613498069,2017,6,5,156,""
"ODNR_2",2017-07-17,"Chlorophyll","avg_chl",96.2266666666667,2017,7,17,198,""
"ODNR_2",2017-07-17,"Chlorophyll sd","sd_chl",12.4202831422369,2017,7,17,198,""
"ODNR_2",2017-07-31,"Chlorophyll","avg_chl",137.533333333333,2017,7,31,212,""
"ODNR_2",2017-07-31,"Chlorophyll sd","sd_chl",2.80030950670338,2017,7,31,212,""
"ODNR_2",2017-08-14,"Chlorophyll","avg_chl",57.92,2017,8,14,226,""
"ODNR_2",2017-08-14,"Chlorophyll sd","sd_chl",4.14019323220547,2017,8,14,226,""
"ODNR_2",2017-08-28,"Chlorophyll","avg_chl",31.2566666666667,2017,8,28,240,""
"ODNR_2",2017-08-28,"Chlorophyll sd","sd_chl",5.16737199486676,2017,8,28,240,""
"ODNR_4",2017-06-19,"Chlorophyll","avg_chl",NA,2017,6,19,170,""
"ODNR_4",2017-06-19,"Chlorophyll sd","sd_chl",NA,2017,6,19,170,""
"ODNR_4",2017-06-21,"Chlorophyll","avg_chl",NA,2017,6,21,172,""
"ODNR_4",2017-06-21,"Chlorophyll sd","sd_chl",NA,2017,6,21,172,""
"ODNR_4",2017-06-26,"Chlorophyll","avg_chl",76.3733333333333,2017,6,26,177,""
"ODNR_4",2017-06-26,"Chlorophyll sd","sd_chl",12.2697894575797,2017,6,26,177,""
"ODNR_4",2017-06-05,"Chlorophyll","avg_chl",44.19,2017,6,5,156,""
"ODNR_4",2017-06-05,"Chlorophyll sd","sd_chl",8.16384713232677,2017,6,5,156,""
"ODNR_4",2017-07-17,"Chlorophyll","avg_chl",7.37,2017,7,17,198,""
"ODNR_4",2017-07-17,"Chlorophyll sd","sd_chl",2.13586048233493,2017,7,17,198,""
"ODNR_4",2017-07-31,"Chlorophyll","avg_chl",166.666666666667,2017,7,31,212,""
"ODNR_4",2017-07-31,"Chlorophyll sd","sd_chl",6.31911649942723,2017,7,31,212,""
"ODNR_4",2017-08-14,"Chlorophyll","avg_chl",61.0433333333333,2017,8,14,226,""
"ODNR_4",2017-08-14,"Chlorophyll sd","sd_chl",2.14117568950643,2017,8,14,226,""
"ODNR_4",2017-08-28,"Chlorophyll","avg_chl",56.6666666666667,2017,8,28,240,""
"ODNR_4",2017-08-28,"Chlorophyll sd","sd_chl",10.6428395333827,2017,8,28,240,""
"ODNR_6",2017-06-19,"Chlorophyll","avg_chl",NA,2017,6,19,170,""
"ODNR_6",2017-06-19,"Chlorophyll sd","sd_chl",NA,2017,6,19,170,""
"ODNR_6",2017-06-21,"Chlorophyll","avg_chl",NA,2017,6,21,172,""
"ODNR_6",2017-06-21,"Chlorophyll sd","sd_chl",NA,2017,6,21,172,""
"ODNR_6",2017-06-26,"Chlorophyll","avg_chl",88.7466666666667,2017,6,26,177,""
"ODNR_6",2017-06-26,"Chlorophyll sd","sd_chl",4.62474143421374,2017,6,26,177,""
"ODNR_6",2017-06-05,"Chlorophyll","avg_chl",58.2633333333333,2017,6,5,156,""
"ODNR_6",2017-06-05,"Chlorophyll sd","sd_chl",6.10660571294179,2017,6,5,156,""
"ODNR_6",2017-07-17,"Chlorophyll","avg_chl",8.15333333333333,2017,7,17,198,""
"ODNR_6",2017-07-17,"Chlorophyll sd","sd_chl",0.830020080078388,2017,7,17,198,""
"ODNR_6",2017-07-31,"Chlorophyll","avg_chl",172.293333333333,2017,7,31,212,""
"ODNR_6",2017-07-31,"Chlorophyll sd","sd_chl",8.7029267107872,2017,7,31,212,""
"ODNR_6",2017-08-14,"Chlorophyll","avg_chl",59.4033333333333,2017,8,14,226,""
"ODNR_6",2017-08-14,"Chlorophyll sd","sd_chl",9.62717681012109,2017,8,14,226,""
"ODNR_6",2017-08-28,"Chlorophyll","avg_chl",59.5033333333333,2017,8,28,240,""
"ODNR_6",2017-08-28,"Chlorophyll sd","sd_chl",8.15729326022629,2017,8,28,240,""
"intake_buoy",2017-06-21,"Chlorophyll","avg_chl",2.84,2017,6,21,172,""
"intake_buoy",2017-06-21,"Chlorophyll sd","sd_chl",0.763347889235308,2017,6,21,172,""
"Bells",2018-06-26,"Chlorophyll","avg_chl",26.9133333333333,2018,6,26,177,""
"Bells",2018-06-26,"Chlorophyll sd","sd_chl",6.17764788032899,2018,6,26,177,""
"Bells",2018-07-10,"Chlorophyll","avg_chl",38.7433333333333,2018,7,10,191,""
"Bells",2018-07-10,"Chlorophyll sd","sd_chl",3.46427962689696,2018,7,10,191,""
"Bells",2018-07-24,"Chlorophyll","avg_chl",51.8133333333333,2018,7,24,205,""
"Bells",2018-07-24,"Chlorophyll sd","sd_chl",6.85029439756667,2018,7,24,205,""
"Bells",2018-09-11,"Chlorophyll","avg_chl",10.615,2018,9,11,254,""
"Bells",2018-09-11,"Chlorophyll sd","sd_chl",7.23370237153838,2018,9,11,254,""
"Bridge",2018-06-26,"Chlorophyll","avg_chl",198.273333333333,2018,6,26,177,""
"Bridge",2018-06-26,"Chlorophyll sd","sd_chl",18.056661743892,2018,6,26,177,""
"Bridge",2018-06-28,"Chlorophyll","avg_chl",292.066666666667,2018,6,28,179,""
"Bridge",2018-06-28,"Chlorophyll sd","sd_chl",5.73614272253868,2018,6,28,179,""
"Bridge",2018-07-10,"Chlorophyll","avg_chl",130.826666666667,2018,7,10,191,""
"Bridge",2018-07-10,"Chlorophyll sd","sd_chl",69.3750332132053,2018,7,10,191,""
"Bridge",2018-07-24,"Chlorophyll","avg_chl",163.163333333333,2018,7,24,205,""
"Bridge",2018-07-24,"Chlorophyll sd","sd_chl",50.181177081983,2018,7,24,205,""
"Bridge",2018-08-07,"Chlorophyll","avg_chl",60.9233333333333,2018,8,7,219,""
"Bridge",2018-08-07,"Chlorophyll sd","sd_chl",4.42328309441452,2018,8,7,219,""
"Bridge",2018-09-11,"Chlorophyll","avg_chl",129.793333333333,2018,9,11,254,""
"Bridge",2018-09-11,"Chlorophyll sd","sd_chl",6.32341943360816,2018,9,11,254,""
"EC_1163",2018-06-26,"Chlorophyll","avg_chl",140.773333333333,2018,6,26,177,""
"EC_1163",2018-06-26,"Chlorophyll sd","sd_chl",0.372066302335135,2018,6,26,177,""
"EC_1163",2018-07-10,"Chlorophyll","avg_chl",75.68,2018,7,10,191,""
"EC_1163",2018-07-10,"Chlorophyll sd","sd_chl",41.741745291734,2018,7,10,191,""
"EC_1163",2018-07-24,"Chlorophyll","avg_chl",93.99,2018,7,24,205,""
"EC_1163",2018-07-24,"Chlorophyll sd","sd_chl",8.92500420167969,2018,7,24,205,""
"EC_1163",2018-09-11,"Chlorophyll","avg_chl",82.13,2018,9,11,254,""
"EC_1163",2018-09-11,"Chlorophyll sd","sd_chl",0.434856298103174,2018,9,11,254,""
"Muddy_Creek",2018-06-26,"Chlorophyll","avg_chl",102.02,2018,6,26,177,""
"Muddy_Creek",2018-06-26,"Chlorophyll sd","sd_chl",31.5239163176151,2018,6,26,177,""
"Muddy_Creek",2018-07-10,"Chlorophyll","avg_chl",83.3333333333333,2018,7,10,191,""
"Muddy_Creek",2018-07-10,"Chlorophyll sd","sd_chl",69.7763744639497,2018,7,10,191,""
"Muddy_Creek",2018-07-09,"Chlorophyll","avg_chl",174.333333333333,2018,7,9,190,""
"Muddy_Creek",2018-07-09,"Chlorophyll sd","sd_chl",101.384877241792,2018,7,9,190,""
"Muddy_Creek",2018-08-07,"Chlorophyll","avg_chl",120.093333333333,2018,8,7,219,""
"Muddy_Creek",2018-08-07,"Chlorophyll sd","sd_chl",8.17541640121978,2018,8,7,219,""
"Muddy_Creek",2018-09-11,"Chlorophyll","avg_chl",89.5,2018,9,11,254,""
"Muddy_Creek",2018-09-11,"Chlorophyll sd","sd_chl",1.3833654614743,2018,9,11,254,""
"ODNR_1",2018-06-26,"Chlorophyll","avg_chl",240.576666666667,2018,6,26,177,""
"ODNR_1",2018-06-26,"Chlorophyll sd","sd_chl",2.32502329737431,2018,6,26,177,""
"ODNR_1",2018-07-10,"Chlorophyll","avg_chl",86.1,2018,7,10,191,""
"ODNR_1",2018-07-10,"Chlorophyll sd","sd_chl",34.1056080432529,2018,7,10,191,""
"ODNR_1",2018-07-11,"Chlorophyll","avg_chl",92.8433333333333,2018,7,11,192,""
"ODNR_1",2018-07-11,"Chlorophyll sd","sd_chl",64.6739950314911,2018,7,11,192,""
"ODNR_1",2018-07-24,"Chlorophyll","avg_chl",62.3233333333333,2018,7,24,205,""
"ODNR_1",2018-07-24,"Chlorophyll sd","sd_chl",28.5691605290273,2018,7,24,205,""
"ODNR_1",2018-09-11,"Chlorophyll","avg_chl",72.9966666666667,2018,9,11,254,""
"ODNR_1",2018-09-11,"Chlorophyll sd","sd_chl",3.39326293312696,2018,9,11,254,""
"ODNR_2",2018-06-26,"Chlorophyll","avg_chl",123.133333333333,2018,6,26,177,""
"ODNR_2",2018-06-26,"Chlorophyll sd","sd_chl",10.3608896014451,2018,6,26,177,""
"ODNR_2",2018-07-10,"Chlorophyll","avg_chl",91.5633333333333,2018,7,10,191,""
"ODNR_2",2018-07-10,"Chlorophyll sd","sd_chl",47.7723396259104,2018,7,10,191,""
"ODNR_2",2018-07-11,"Chlorophyll","avg_chl",43.6266666666667,2018,7,11,192,""
"ODNR_2",2018-07-11,"Chlorophyll sd","sd_chl",40.9699772190971,2018,7,11,192,""
"ODNR_2",2018-07-24,"Chlorophyll","avg_chl",104.783333333333,2018,7,24,205,""
"ODNR_2",2018-07-24,"Chlorophyll sd","sd_chl",4.72584736669873,2018,7,24,205,""
"ODNR_2",2018-09-11,"Chlorophyll","avg_chl",124.34,2018,9,11,254,""
"ODNR_2",2018-09-11,"Chlorophyll sd","sd_chl",11.4046306384731,2018,9,11,254,""
"ODNR_4",2018-06-26,"Chlorophyll","avg_chl",59.1166666666667,2018,6,26,177,""
"ODNR_4",2018-06-26,"Chlorophyll sd","sd_chl",39.4197543540461,2018,6,26,177,""
"ODNR_4",2018-07-10,"Chlorophyll","avg_chl",248.806666666667,2018,7,10,191,""
"ODNR_4",2018-07-10,"Chlorophyll sd","sd_chl",7.61580812083218,2018,7,10,191,""
"ODNR_4",2018-07-24,"Chlorophyll","avg_chl",178.03,2018,7,24,205,""
"ODNR_4",2018-07-24,"Chlorophyll sd","sd_chl",63.0596320953429,2018,7,24,205,""
"ODNR_4",2018-07-09,"Chlorophyll","avg_chl",323.216666666667,2018,7,9,190,""
"ODNR_4",2018-07-09,"Chlorophyll sd","sd_chl",13.0790545020145,2018,7,9,190,""
"ODNR_4",2018-08-07,"Chlorophyll","avg_chl",168.713333333333,2018,8,7,219,""
"ODNR_4",2018-08-07,"Chlorophyll sd","sd_chl",8.30141152656182,2018,8,7,219,""
"ODNR_4",2018-09-11,"Chlorophyll","avg_chl",128.383333333333,2018,9,11,254,""
"ODNR_4",2018-09-11,"Chlorophyll sd","sd_chl",1.15902257671424,2018,9,11,254,""
"ODNR_6",2018-06-26,"Chlorophyll","avg_chl",205.703333333333,2018,6,26,177,""
"ODNR_6",2018-06-26,"Chlorophyll sd","sd_chl",92.6807554637603,2018,6,26,177,""
"ODNR_6",2018-06-28,"Chlorophyll","avg_chl",289.8,2018,6,28,179,""
"ODNR_6",2018-06-28,"Chlorophyll sd","sd_chl",29.2870278451058,2018,6,28,179,""
"ODNR_6",2018-07-10,"Chlorophyll","avg_chl",180.203333333333,2018,7,10,191,""
"ODNR_6",2018-07-10,"Chlorophyll sd","sd_chl",24.8100188096127,2018,7,10,191,""
"ODNR_6",2018-07-24,"Chlorophyll","avg_chl",170.913333333333,2018,7,24,205,""
"ODNR_6",2018-07-24,"Chlorophyll sd","sd_chl",100.293569750674,2018,7,24,205,""
"ODNR_6",2018-07-09,"Chlorophyll","avg_chl",277.433333333333,2018,7,9,190,""
"ODNR_6",2018-07-09,"Chlorophyll sd","sd_chl",17.9878662807275,2018,7,9,190,""
"ODNR_6",2018-08-07,"Chlorophyll","avg_chl",234.61,2018,8,7,219,""
"ODNR_6",2018-08-07,"Chlorophyll sd","sd_chl",10.5957113965982,2018,8,7,219,""
"ODNR_6",2018-09-11,"Chlorophyll","avg_chl",108.53,2018,9,11,254,""
"ODNR_6",2018-09-11,"Chlorophyll sd","sd_chl",0.896046873773912,2018,9,11,254,""
"SB_2",2018-06-26,"Chlorophyll","avg_chl",146.67,2018,6,26,177,""
"SB_2",2018-06-26,"Chlorophyll sd","sd_chl",24.4141413938725,2018,6,26,177,""
"SB_2",2018-07-10,"Chlorophyll","avg_chl",97.48,2018,7,10,191,""
"SB_2",2018-07-10,"Chlorophyll sd","sd_chl",16.6030238209791,2018,7,10,191,""
"SB_2",2018-07-24,"Chlorophyll","avg_chl",75.2733333333333,2018,7,24,205,""
"SB_2",2018-07-24,"Chlorophyll sd","sd_chl",35.9208384274829,2018,7,24,205,""
"SB_2",2018-09-11,"Chlorophyll","avg_chl",87.89,2018,9,11,254,""
"SB_2",2018-09-11,"Chlorophyll sd","sd_chl",23.7666173445024,2018,9,11,254,""
"SB_6",2018-07-09,"Chlorophyll","avg_chl",278.833333333333,2018,7,9,190,""
"SB_6",2018-07-09,"Chlorophyll sd","sd_chl",62.4269439691976,2018,7,9,190,""
"SB_8",2018-07-11,"Chlorophyll","avg_chl",77.9866666666667,2018,7,11,192,""
"SB_8",2018-07-11,"Chlorophyll sd","sd_chl",34.7646750787827,2018,7,11,192,""
"Muddy Creek",2019-06-10,"Chlorophyll","avg_chl",5.15,2019,6,10,161,""
"ODNR 4",2019-06-10,"Chlorophyll","avg_chl",23.13,2019,6,10,161,""
"ODNR 6",2019-06-10,"Chlorophyll","avg_chl",11.31,2019,6,10,161,""
"Bridge",2019-06-10,"Chlorophyll","avg_chl",10.68,2019,6,10,161,""
"ODNR 2",2019-06-10,"Chlorophyll","avg_chl",14.91,2019,6,10,161,""
"Buoy 2",2019-06-10,"Chlorophyll","avg_chl",12.36,2019,6,10,161,""
"ODNR 1",2019-06-10,"Chlorophyll","avg_chl",15.01,2019,6,10,161,""
"EC 1163",2019-06-10,"Chlorophyll","avg_chl",9.79,2019,6,10,161,""
"Bells",2019-06-10,"Chlorophyll","avg_chl",NA,2019,6,10,161,""
"Muddy Creek",2019-06-17,"Chlorophyll","avg_chl",3.78,2019,6,17,168,""
"ODNR 4",2019-06-17,"Chlorophyll","avg_chl",8.86,2019,6,17,168,""
"ODNR 6",2019-06-17,"Chlorophyll","avg_chl",55.5,2019,6,17,168,""
"Bridge",2019-06-17,"Chlorophyll","avg_chl",15.45,2019,6,17,168,""
"ODNR 2",2019-06-17,"Chlorophyll","avg_chl",85.01,2019,6,17,168,""
"Buoy 2",2019-06-17,"Chlorophyll","avg_chl",149.72,2019,6,17,168,""
"ODNR 1",2019-06-17,"Chlorophyll","avg_chl",166.77,2019,6,17,168,""
"EC 1163",2019-06-17,"Chlorophyll","avg_chl",134.48,2019,6,17,168,""
"Bells",2019-06-17,"Chlorophyll","avg_chl",6.6,2019,6,17,168,""
"Muddy Creek",2019-07-08,"Chlorophyll","avg_chl",47.25,2019,7,8,189,""
"ODNR 4",2019-07-08,"Chlorophyll","avg_chl",38.76,2019,7,8,189,""
"ODNR 6",2019-07-08,"Chlorophyll","avg_chl",78.72,2019,7,8,189,""
"Bridge",2019-07-08,"Chlorophyll","avg_chl",126.26,2019,7,8,189,""
"ODNR 2",2019-07-08,"Chlorophyll","avg_chl",120.04,2019,7,8,189,""
"Buoy 2",2019-07-08,"Chlorophyll","avg_chl",112.04,2019,7,8,189,""
"ODNR 1",2019-07-08,"Chlorophyll","avg_chl",107.47,2019,7,8,189,""
"EC 1163",2019-07-08,"Chlorophyll","avg_chl",96.84,2019,7,8,189,""
"Bells",2019-07-08,"Chlorophyll","avg_chl",NA,2019,7,8,189,""
"Muddy Creek",2019-08-05,"Chlorophyll","avg_chl",90.88,2019,8,5,217,""
"ODNR 4",2019-08-05,"Chlorophyll","avg_chl",97.97,2019,8,5,217,""
"ODNR 6",2019-08-05,"Chlorophyll","avg_chl",80.77,2019,8,5,217,""
"Bridge",2019-08-05,"Chlorophyll","avg_chl",112.63,2019,8,5,217,""
"ODNR 2",2019-08-05,"Chlorophyll","avg_chl",80.11,2019,8,5,217,""
"Buoy 2",2019-08-05,"Chlorophyll","avg_chl",48.97,2019,8,5,217,""
"ODNR 1",2019-08-05,"Chlorophyll","avg_chl",71.01,2019,8,5,217,""
"EC 1163",2019-08-05,"Chlorophyll","avg_chl",51.03,2019,8,5,217,""
"Bells",2019-08-05,"Chlorophyll","avg_chl",22.34,2019,8,5,217,""
"Muddy Creek",2019-08-19,"Chlorophyll","avg_chl",NA,2019,8,19,231,""
"ODNR 4",2019-08-19,"Chlorophyll","avg_chl",NA,2019,8,19,231,""
"ODNR 6",2019-08-19,"Chlorophyll","avg_chl",NA,2019,8,19,231,""
"Bridge",2019-08-19,"Chlorophyll","avg_chl",NA,2019,8,19,231,""
"ODNR 2",2019-08-19,"Chlorophyll","avg_chl",59.24,2019,8,19,231,""
"Buoy 2",2019-08-19,"Chlorophyll","avg_chl",68.46,2019,8,19,231,""
"ODNR 1",2019-08-19,"Chlorophyll","avg_chl",60.08,2019,8,19,231,""
"EC 1163",2019-08-19,"Chlorophyll","avg_chl",60.18,2019,8,19,231,""
"Bells",2019-08-19,"Chlorophyll","avg_chl",NA,2019,8,19,231,""
"Bells",2020-06-15,"Chlorophyll","avg_chl",NA,2020,6,15,167,""
"Bells",2020-06-15,"Chlorophyll sd","sd_chl",NA,2020,6,15,167,""
"Bells",2020-06-22,"Chlorophyll","avg_chl",5.35333333333333,2020,6,22,174,""
"Bells",2020-06-22,"Chlorophyll sd","sd_chl",2.41897361154134,2020,6,22,174,""
"Bells",2020-06-29,"Chlorophyll","avg_chl",3.79333333333333,2020,6,29,181,""
"Bells",2020-06-29,"Chlorophyll sd","sd_chl",0.604510821518799,2020,6,29,181,""
"Bells",2020-06-08,"Chlorophyll","avg_chl",NA,2020,6,8,160,""
"Bells",2020-06-08,"Chlorophyll sd","sd_chl",NA,2020,6,8,160,""
"Bells",2020-07-13,"Chlorophyll","avg_chl",16.3866666666667,2020,7,13,195,""
"Bells",2020-07-13,"Chlorophyll sd","sd_chl",2.75601765838562,2020,7,13,195,""
"Bells",2020-07-20,"Chlorophyll","avg_chl",6.63333333333333,2020,7,20,202,""
"Bells",2020-07-20,"Chlorophyll sd","sd_chl",2.13785718263249,2020,7,20,202,""
"Bells",2020-07-27,"Chlorophyll","avg_chl",8.54333333333333,2020,7,27,209,""
"Bells",2020-07-27,"Chlorophyll sd","sd_chl",0.594081924765713,2020,7,27,209,""
"Bells",2020-07-06,"Chlorophyll","avg_chl",4.35333333333333,2020,7,6,188,""
"Bells",2020-07-06,"Chlorophyll sd","sd_chl",1.21681277661493,2020,7,6,188,""
"Bells",2020-08-10,"Chlorophyll","avg_chl",15.6566666666667,2020,8,10,223,""
"Bells",2020-08-10,"Chlorophyll sd","sd_chl",1.9194096314579,2020,8,10,223,""
"Bells",2020-08-03,"Chlorophyll","avg_chl",22.2133333333333,2020,8,3,216,""
"Bells",2020-08-03,"Chlorophyll sd","sd_chl",0.125033328890074,2020,8,3,216,""
"Bridge",2020-06-15,"Chlorophyll","avg_chl",27.7733333333333,2020,6,15,167,""
"Bridge",2020-06-15,"Chlorophyll sd","sd_chl",7.4364799020325,2020,6,15,167,""
"Bridge",2020-06-22,"Chlorophyll","avg_chl",5.49666666666667,2020,6,22,174,""
"Bridge",2020-06-22,"Chlorophyll sd","sd_chl",0.702163323830954,2020,6,22,174,""
"Bridge",2020-06-29,"Chlorophyll","avg_chl",55.67,2020,6,29,181,""
"Bridge",2020-06-29,"Chlorophyll sd","sd_chl",2.43,2020,6,29,181,""
"Bridge",2020-06-08,"Chlorophyll","avg_chl",21.7433333333333,2020,6,8,160,""
"Bridge",2020-06-08,"Chlorophyll sd","sd_chl",15.0188359513423,2020,6,8,160,""
"Bridge",2020-07-13,"Chlorophyll","avg_chl",103.283333333333,2020,7,13,195,""
"Bridge",2020-07-13,"Chlorophyll sd","sd_chl",12.2858997771158,2020,7,13,195,""
"Bridge",2020-07-20,"Chlorophyll","avg_chl",64.1766666666667,2020,7,20,202,""
"Bridge",2020-07-20,"Chlorophyll sd","sd_chl",10.7438788774508,2020,7,20,202,""
"Bridge",2020-07-23,"Chlorophyll","avg_chl",56.1766666666667,2020,7,23,205,""
"Bridge",2020-07-23,"Chlorophyll sd","sd_chl",1.76117385096797,2020,7,23,205,""
"Bridge",2020-07-27,"Chlorophyll","avg_chl",70.5433333333333,2020,7,27,209,""
"Bridge",2020-07-27,"Chlorophyll sd","sd_chl",9.12890646974397,2020,7,27,209,""
"Bridge",2020-07-06,"Chlorophyll","avg_chl",39.3633333333333,2020,7,6,188,""
"Bridge",2020-07-06,"Chlorophyll sd","sd_chl",8.79409650466342,2020,7,6,188,""
"Bridge",2020-08-10,"Chlorophyll","avg_chl",80.9166666666667,2020,8,10,223,""
"Bridge",2020-08-10,"Chlorophyll sd","sd_chl",6.95023980401636,2020,8,10,223,""
"Bridge",2020-08-03,"Chlorophyll","avg_chl",71.6666666666667,2020,8,3,216,""
"Bridge",2020-08-03,"Chlorophyll sd","sd_chl",9.16710605007563,2020,8,3,216,""
"Buoy_2",2020-06-15,"Chlorophyll","avg_chl",44.0866666666667,2020,6,15,167,""
"Buoy_2",2020-06-15,"Chlorophyll sd","sd_chl",4.3834043086776,2020,6,15,167,""
"Buoy_2",2020-06-22,"Chlorophyll","avg_chl",18.7,2020,6,22,174,""
"Buoy_2",2020-06-22,"Chlorophyll sd","sd_chl",2.15710454081391,2020,6,22,174,""
"Buoy_2",2020-06-29,"Chlorophyll","avg_chl",49.24,2020,6,29,181,""
"Buoy_2",2020-06-29,"Chlorophyll sd","sd_chl",11.8851546056414,2020,6,29,181,""
"Buoy_2",2020-06-08,"Chlorophyll","avg_chl",26.2966666666667,2020,6,8,160,""
"Buoy_2",2020-06-08,"Chlorophyll sd","sd_chl",3.12381710945653,2020,6,8,160,""
"Buoy_2",2020-07-13,"Chlorophyll","avg_chl",97.85,2020,7,13,195,""
"Buoy_2",2020-07-13,"Chlorophyll sd","sd_chl",10.9672238966842,2020,7,13,195,""
"Buoy_2",2020-07-20,"Chlorophyll","avg_chl",53.3,2020,7,20,202,""
"Buoy_2",2020-07-20,"Chlorophyll sd","sd_chl",7.77319110790414,2020,7,20,202,""
"Buoy_2",2020-07-27,"Chlorophyll","avg_chl",43.1,2020,7,27,209,""
"Buoy_2",2020-07-27,"Chlorophyll sd","sd_chl",2.0351658409083,2020,7,27,209,""
"Buoy_2",2020-07-06,"Chlorophyll","avg_chl",30.0666666666667,2020,7,6,188,""
"Buoy_2",2020-07-06,"Chlorophyll sd","sd_chl",2.64416968694018,2020,7,6,188,""
"Buoy_2",2020-08-10,"Chlorophyll","avg_chl",50.6966666666667,2020,8,10,223,""
"Buoy_2",2020-08-10,"Chlorophyll sd","sd_chl",3.7531897545066,2020,8,10,223,""
"Buoy_2",2020-08-03,"Chlorophyll","avg_chl",64.5666666666667,2020,8,3,216,""
"Buoy_2",2020-08-03,"Chlorophyll sd","sd_chl",9.00140174269171,2020,8,3,216,""
"Clemons",2020-05-23,"Chlorophyll","avg_chl",46.94,2020,5,23,144,""
"Clemons",2020-05-23,"Chlorophyll sd","sd_chl",0.661437827766148,2020,5,23,144,""
"EC_1163",2020-05-23,"Chlorophyll","avg_chl",43.45,2020,5,23,144,""
"EC_1163",2020-05-23,"Chlorophyll sd","sd_chl",3.71517159765198,2020,5,23,144,""
"EC_1163",2020-06-15,"Chlorophyll","avg_chl",22.7433333333333,2020,6,15,167,""
"EC_1163",2020-06-15,"Chlorophyll sd","sd_chl",3.43497210080858,2020,6,15,167,""
"EC_1163",2020-06-22,"Chlorophyll","avg_chl",15.0766666666667,2020,6,22,174,""
"EC_1163",2020-06-22,"Chlorophyll sd","sd_chl",1.46001141548049,2020,6,22,174,""
"EC_1163",2020-06-29,"Chlorophyll","avg_chl",43.2166666666667,2020,6,29,181,""
"EC_1163",2020-06-29,"Chlorophyll sd","sd_chl",3.84000434027532,2020,6,29,181,""
"EC_1163",2020-06-08,"Chlorophyll","avg_chl",34.87,2020,6,8,160,""
"EC_1163",2020-06-08,"Chlorophyll sd","sd_chl",3.95519911003226,2020,6,8,160,""
"EC_1163",2020-07-13,"Chlorophyll","avg_chl",43.65,2020,7,13,195,""
"EC_1163",2020-07-13,"Chlorophyll sd","sd_chl",7.12583328460609,2020,7,13,195,""
"EC_1163",2020-07-20,"Chlorophyll","avg_chl",42.33,2020,7,20,202,""
"EC_1163",2020-07-20,"Chlorophyll sd","sd_chl",11.5477313789333,2020,7,20,202,""
"EC_1163",2020-07-27,"Chlorophyll","avg_chl",49.73,2020,7,27,209,""
"EC_1163",2020-07-27,"Chlorophyll sd","sd_chl",11.9473469858375,2020,7,27,209,""
"EC_1163",2020-07-06,"Chlorophyll","avg_chl",19.6966666666667,2020,7,6,188,""
"EC_1163",2020-07-06,"Chlorophyll sd","sd_chl",4.48314993429099,2020,7,6,188,""
"EC_1163",2020-08-10,"Chlorophyll","avg_chl",49.4133333333333,2020,8,10,223,""
"EC_1163",2020-08-10,"Chlorophyll sd","sd_chl",2.52242608084624,2020,8,10,223,""
"EC_1163",2020-08-03,"Chlorophyll","avg_chl",52.2833333333333,2020,8,3,216,""
"EC_1163",2020-08-03,"Chlorophyll sd","sd_chl",3.5923576288189,2020,8,3,216,""
"Muddy_Creek",2020-06-15,"Chlorophyll","avg_chl",39.4433333333333,2020,6,15,167,""
"Muddy_Creek",2020-06-15,"Chlorophyll sd","sd_chl",2.31595192811365,2020,6,15,167,""
"Muddy_Creek",2020-06-22,"Chlorophyll","avg_chl",100.783333333333,2020,6,22,174,""
"Muddy_Creek",2020-06-22,"Chlorophyll sd","sd_chl",6.34908129837171,2020,6,22,174,""
"Muddy_Creek",2020-06-29,"Chlorophyll","avg_chl",105.316666666667,2020,6,29,181,""
"Muddy_Creek",2020-06-29,"Chlorophyll sd","sd_chl",26.3089971936091,2020,6,29,181,""
"Muddy_Creek",2020-06-08,"Chlorophyll","avg_chl",130.633333333333,2020,6,8,160,""
"Muddy_Creek",2020-06-08,"Chlorophyll sd","sd_chl",41.1747900217273,2020,6,8,160,""
"Muddy_Creek",2020-07-13,"Chlorophyll","avg_chl",88.7833333333333,2020,7,13,195,""
"Muddy_Creek",2020-07-13,"Chlorophyll sd","sd_chl",25.7027398020782,2020,7,13,195,""
"Muddy_Creek",2020-07-20,"Chlorophyll","avg_chl",97.3833333333333,2020,7,20,202,""
"Muddy_Creek",2020-07-20,"Chlorophyll sd","sd_chl",6.75949948837436,2020,7,20,202,""
"Muddy_Creek",2020-07-27,"Chlorophyll","avg_chl",85.9666666666667,2020,7,27,209,""
"Muddy_Creek",2020-07-27,"Chlorophyll sd","sd_chl",8.09881678600852,2020,7,27,209,""
"Muddy_Creek",2020-07-06,"Chlorophyll","avg_chl",95.6333333333333,2020,7,6,188,""
"Muddy_Creek",2020-07-06,"Chlorophyll sd","sd_chl",38.6434448947468,2020,7,6,188,""
"Muddy_Creek",2020-08-10,"Chlorophyll","avg_chl",98.15,2020,8,10,223,""
"Muddy_Creek",2020-08-10,"Chlorophyll sd","sd_chl",8.87595065331033,2020,8,10,223,""
"Muddy_Creek",2020-08-03,"Chlorophyll","avg_chl",75.7833333333333,2020,8,3,216,""
"Muddy_Creek",2020-08-03,"Chlorophyll sd","sd_chl",4.82605774243671,2020,8,3,216,""
"ODNR_1",2020-06-15,"Chlorophyll","avg_chl",33.7733333333333,2020,6,15,167,""
"ODNR_1",2020-06-15,"Chlorophyll sd","sd_chl",4.86767227053479,2020,6,15,167,""
"ODNR_1",2020-06-22,"Chlorophyll","avg_chl",33.7033333333333,2020,6,22,174,""
"ODNR_1",2020-06-22,"Chlorophyll sd","sd_chl",8.88686858985398,2020,6,22,174,""
"ODNR_1",2020-06-29,"Chlorophyll","avg_chl",33.78,2020,6,29,181,""
"ODNR_1",2020-06-29,"Chlorophyll sd","sd_chl",3.25631693789164,2020,6,29,181,""
"ODNR_1",2020-06-08,"Chlorophyll","avg_chl",62.0466666666667,2020,6,8,160,""
"ODNR_1",2020-06-08,"Chlorophyll sd","sd_chl",7.39059763032283,2020,6,8,160,""
"ODNR_1",2020-07-13,"Chlorophyll","avg_chl",79.4666666666667,2020,7,13,195,""
"ODNR_1",2020-07-13,"Chlorophyll sd","sd_chl",5.87586873009714,2020,7,13,195,""
"ODNR_1",2020-07-20,"Chlorophyll","avg_chl",55.8766666666667,2020,7,20,202,""
"ODNR_1",2020-07-20,"Chlorophyll sd","sd_chl",1.77584721565041,2020,7,20,202,""
"ODNR_1",2020-07-27,"Chlorophyll","avg_chl",39.5633333333333,2020,7,27,209,""
"ODNR_1",2020-07-27,"Chlorophyll sd","sd_chl",12.7395695897991,2020,7,27,209,""
"ODNR_1",2020-07-06,"Chlorophyll","avg_chl",25.5766666666667,2020,7,6,188,""
"ODNR_1",2020-07-06,"Chlorophyll sd","sd_chl",0.145716619962629,2020,7,6,188,""
"ODNR_1",2020-08-10,"Chlorophyll","avg_chl",47.69,2020,8,10,223,""
"ODNR_1",2020-08-10,"Chlorophyll sd","sd_chl",1.7678235206038,2020,8,10,223,""
"ODNR_1",2020-08-03,"Chlorophyll","avg_chl",60.22,2020,8,3,216,""
"ODNR_1",2020-08-03,"Chlorophyll sd","sd_chl",1.46427456441748,2020,8,3,216,""
"ODNR_2",2020-06-15,"Chlorophyll","avg_chl",43.31,2020,6,15,167,""
"ODNR_2",2020-06-15,"Chlorophyll sd","sd_chl",11.0280415305711,2020,6,15,167,""
"ODNR_2",2020-06-22,"Chlorophyll","avg_chl",39.7066666666667,2020,6,22,174,""
"ODNR_2",2020-06-22,"Chlorophyll sd","sd_chl",1.28943139923508,2020,6,22,174,""
"ODNR_2",2020-06-29,"Chlorophyll","avg_chl",102.266666666667,2020,6,29,181,""
"ODNR_2",2020-06-29,"Chlorophyll sd","sd_chl",12.4379794714951,2020,6,29,181,""
"ODNR_2",2020-06-08,"Chlorophyll","avg_chl",71.2633333333333,2020,6,8,160,""
"ODNR_2",2020-06-08,"Chlorophyll sd","sd_chl",6.02654406217472,2020,6,8,160,""
"ODNR_2",2020-07-13,"Chlorophyll","avg_chl",100.633333333333,2020,7,13,195,""
"ODNR_2",2020-07-13,"Chlorophyll sd","sd_chl",5.90959671494877,2020,7,13,195,""
"ODNR_2",2020-07-20,"Chlorophyll","avg_chl",51.8466666666667,2020,7,20,202,""
"ODNR_2",2020-07-20,"Chlorophyll sd","sd_chl",9.56838718558845,2020,7,20,202,""
"ODNR_2",2020-07-27,"Chlorophyll","avg_chl",65.15,2020,7,27,209,""
"ODNR_2",2020-07-27,"Chlorophyll sd","sd_chl",28.1460032686703,2020,7,27,209,""
"ODNR_2",2020-07-06,"Chlorophyll","avg_chl",60.8833333333333,2020,7,6,188,""
"ODNR_2",2020-07-06,"Chlorophyll sd","sd_chl",52.2195445531013,2020,7,6,188,""
"ODNR_2",2020-08-10,"Chlorophyll","avg_chl",55.59,2020,8,10,223,""
"ODNR_2",2020-08-10,"Chlorophyll sd","sd_chl",2.97198586806869,2020,8,10,223,""
"ODNR_2",2020-08-03,"Chlorophyll","avg_chl",43.49,2020,8,3,216,""
"ODNR_2",2020-08-03,"Chlorophyll sd","sd_chl",15.8143352689893,2020,8,3,216,""
"ODNR_4",2020-06-15,"Chlorophyll","avg_chl",55.2066666666667,2020,6,15,167,""
"ODNR_4",2020-06-15,"Chlorophyll sd","sd_chl",8.89784430822058,2020,6,15,167,""
"ODNR_4",2020-06-22,"Chlorophyll","avg_chl",78.91,2020,6,22,174,""
"ODNR_4",2020-06-22,"Chlorophyll sd","sd_chl",21.1959029059863,2020,6,22,174,""
"ODNR_4",2020-06-29,"Chlorophyll","avg_chl",73.9466666666667,2020,6,29,181,""
"ODNR_4",2020-06-29,"Chlorophyll sd","sd_chl",5.51570787237081,2020,6,29,181,""
"ODNR_4",2020-06-08,"Chlorophyll","avg_chl",24.75,2020,6,8,160,""
"ODNR_4",2020-06-08,"Chlorophyll sd","sd_chl",2.48674486025406,2020,6,8,160,""
"ODNR_4",2020-07-13,"Chlorophyll","avg_chl",87.75,2020,7,13,195,""
"ODNR_4",2020-07-13,"Chlorophyll sd","sd_chl",18.2686206375851,2020,7,13,195,""
"ODNR_4",2020-07-20,"Chlorophyll","avg_chl",81.7166666666667,2020,7,20,202,""
"ODNR_4",2020-07-20,"Chlorophyll sd","sd_chl",8.43539171190843,2020,7,20,202,""
"ODNR_4",2020-07-27,"Chlorophyll","avg_chl",67.2533333333333,2020,7,27,209,""
"ODNR_4",2020-07-27,"Chlorophyll sd","sd_chl",20.9704204376863,2020,7,27,209,""
"ODNR_4",2020-07-06,"Chlorophyll","avg_chl",37.51,2020,7,6,188,""
"ODNR_4",2020-07-06,"Chlorophyll sd","sd_chl",28.1605965845896,2020,7,6,188,""
"ODNR_4",2020-08-10,"Chlorophyll","avg_chl",85.2833333333333,2020,8,10,223,""
"ODNR_4",2020-08-10,"Chlorophyll sd","sd_chl",6.33844092291893,2020,8,10,223,""
"ODNR_4",2020-08-03,"Chlorophyll","avg_chl",91.45,2020,8,3,216,""
"ODNR_4",2020-08-03,"Chlorophyll sd","sd_chl",34.6897319101777,2020,8,3,216,""
"ODNR_6",2020-06-15,"Chlorophyll","avg_chl",27.5766666666667,2020,6,15,167,""
"ODNR_6",2020-06-15,"Chlorophyll sd","sd_chl",2.47843364513423,2020,6,15,167,""
"ODNR_6",2020-06-22,"Chlorophyll","avg_chl",56.7766666666667,2020,6,22,174,""
"ODNR_6",2020-06-22,"Chlorophyll sd","sd_chl",16.6554205390718,2020,6,22,174,""
"ODNR_6",2020-06-29,"Chlorophyll","avg_chl",41.3366666666667,2020,6,29,181,""
"ODNR_6",2020-06-29,"Chlorophyll sd","sd_chl",2.60008333199791,2020,6,29,181,""
"ODNR_6",2020-06-08,"Chlorophyll","avg_chl",20.7566666666667,2020,6,8,160,""
"ODNR_6",2020-06-08,"Chlorophyll sd","sd_chl",2.68375359027861,2020,6,8,160,""
"ODNR_6",2020-07-13,"Chlorophyll","avg_chl",111.016666666667,2020,7,13,195,""
"ODNR_6",2020-07-13,"Chlorophyll sd","sd_chl",26.2780485069446,2020,7,13,195,""
"ODNR_6",2020-07-20,"Chlorophyll","avg_chl",72.5833333333333,2020,7,20,202,""
"ODNR_6",2020-07-20,"Chlorophyll sd","sd_chl",8.21315002501071,2020,7,20,202,""
"ODNR_6",2020-07-27,"Chlorophyll","avg_chl",45.4733333333333,2020,7,27,209,""
"ODNR_6",2020-07-27,"Chlorophyll sd","sd_chl",2.02860378914497,2020,7,27,209,""
"ODNR_6",2020-07-06,"Chlorophyll","avg_chl",29.87,2020,7,6,188,""
"ODNR_6",2020-07-06,"Chlorophyll sd","sd_chl",11.2615585067077,2020,7,6,188,""
"ODNR_6",2020-08-10,"Chlorophyll","avg_chl",112.1,2020,8,10,223,""
"ODNR_6",2020-08-10,"Chlorophyll sd","sd_chl",1.33135269556944,2020,8,10,223,""
"ODNR_6",2020-08-03,"Chlorophyll","avg_chl",77.85,2020,8,3,216,""
"ODNR_6",2020-08-03,"Chlorophyll sd","sd_chl",17.6104372461333,2020,8,3,216,""
"Muddy Creek",2021-04-26,"Chlorophyll","avg_chl",89.03,2021,4,26,116,""
"Muddy Creek",2021-04-26,"Chlorophyll sd","sd_chl",18.78,2021,4,26,116,""
"ODNR 6",2021-04-26,"Chlorophyll","avg_chl",55.92,2021,4,26,116,""
"ODNR 6",2021-04-26,"Chlorophyll sd","sd_chl",19.41,2021,4,26,116,""
"ODNR 4",2021-04-26,"Chlorophyll","avg_chl",76,2021,4,26,116,""
"ODNR 4",2021-04-26,"Chlorophyll sd","sd_chl",12.85,2021,4,26,116,""
"Bridge",2021-04-26,"Chlorophyll","avg_chl",69.36,2021,4,26,116,""
"Bridge",2021-04-26,"Chlorophyll sd","sd_chl",5.58,2021,4,26,116,""
"ODNR 2",2021-04-26,"Chlorophyll","avg_chl",19.95,2021,4,26,116,""
"ODNR 2",2021-04-26,"Chlorophyll sd","sd_chl",17.64,2021,4,26,116,""
"ODNR 1",2021-04-26,"Chlorophyll","avg_chl",22.81,2021,4,26,116,""
"ODNR 1",2021-04-26,"Chlorophyll sd","sd_chl",14.42,2021,4,26,116,""
"EC 1163",2021-04-26,"Chlorophyll","avg_chl",27.28,2021,4,26,116,""
"EC 1163",2021-04-26,"Chlorophyll sd","sd_chl",6.14,2021,4,26,116,""
"Buoy 2",2021-04-26,"Chlorophyll","avg_chl",32.38,2021,4,26,116,""
"Buoy 2",2021-04-26,"Chlorophyll sd","sd_chl",24.57,2021,4,26,116,""
"Bells",2021-04-26,"Chlorophyll","avg_chl",NA,2021,4,26,116,""
"Bells",2021-04-26,"Chlorophyll sd","sd_chl",NA,2021,4,26,116,""
"ODNR 6 Integrated",2021-04-26,"Chlorophyll","avg_chl",NA,2021,4,26,116,""
"ODNR 6 Integrated",2021-04-26,"Chlorophyll sd","sd_chl",NA,2021,4,26,116,""
"ODNR 4 Integrated",2021-04-26,"Chlorophyll","avg_chl",NA,2021,4,26,116,""
"ODNR 4 Integrated",2021-04-26,"Chlorophyll sd","sd_chl",NA,2021,4,26,116,""
"ODNR 2 Integrated",2021-04-26,"Chlorophyll","avg_chl",47.42,2021,4,26,116,""
"ODNR 2 Integrated",2021-04-26,"Chlorophyll sd","sd_chl",NA,2021,4,26,116,""
"ODNR 1 Integrated",2021-04-26,"Chlorophyll","avg_chl",13.32,2021,4,26,116,""
"ODNR 1 Integrated",2021-04-26,"Chlorophyll sd","sd_chl",NA,2021,4,26,116,""
"Muddy Creek",2021-05-11,"Chlorophyll","avg_chl",14.18,2021,5,11,131,""
"Muddy Creek",2021-05-11,"Chlorophyll sd","sd_chl",10,2021,5,11,131,""
"ODNR 6",2021-05-11,"Chlorophyll","avg_chl",61.97,2021,5,11,131,""
"ODNR 6",2021-05-11,"Chlorophyll sd","sd_chl",12.07,2021,5,11,131,""
"ODNR 4",2021-05-11,"Chlorophyll","avg_chl",20.65,2021,5,11,131,""
"ODNR 4",2021-05-11,"Chlorophyll sd","sd_chl",0.49,2021,5,11,131,""
"Bridge",2021-05-11,"Chlorophyll","avg_chl",88.49,2021,5,11,131,""
"Bridge",2021-05-11,"Chlorophyll sd","sd_chl",15.19,2021,5,11,131,""
"ODNR 2",2021-05-11,"Chlorophyll","avg_chl",79.9,2021,5,11,131,""
"ODNR 2",2021-05-11,"Chlorophyll sd","sd_chl",9.16,2021,5,11,131,""
"ODNR 1",2021-05-11,"Chlorophyll","avg_chl",102.61,2021,5,11,131,""
"ODNR 1",2021-05-11,"Chlorophyll sd","sd_chl",9.99,2021,5,11,131,""
"EC 1163",2021-05-11,"Chlorophyll","avg_chl",49.95,2021,5,11,131,""
"EC 1163",2021-05-11,"Chlorophyll sd","sd_chl",1.88,2021,5,11,131,""
"Buoy 2",2021-05-11,"Chlorophyll","avg_chl",89.97,2021,5,11,131,""
"Buoy 2",2021-05-11,"Chlorophyll sd","sd_chl",6.91,2021,5,11,131,""
"Bells",2021-05-11,"Chlorophyll","avg_chl",NA,2021,5,11,131,""
"Bells",2021-05-11,"Chlorophyll sd","sd_chl",NA,2021,5,11,131,""
"ODNR 6 Integrated",2021-05-11,"Chlorophyll","avg_chl",80.06,2021,5,11,131,""
"ODNR 6 Integrated",2021-05-11,"Chlorophyll sd","sd_chl",NA,2021,5,11,131,""
"ODNR 4 Integrated",2021-05-11,"Chlorophyll","avg_chl",19.21,2021,5,11,131,""
"ODNR 4 Integrated",2021-05-11,"Chlorophyll sd","sd_chl",NA,2021,5,11,131,""
"ODNR 2 Integrated",2021-05-11,"Chlorophyll","avg_chl",78.46,2021,5,11,131,""
"ODNR 2 Integrated",2021-05-11,"Chlorophyll sd","sd_chl",NA,2021,5,11,131,""
"ODNR 1 Integrated",2021-05-11,"Chlorophyll","avg_chl",89.47,2021,5,11,131,""
"ODNR 1 Integrated",2021-05-11,"Chlorophyll sd","sd_chl",NA,2021,5,11,131,""
"Muddy Creek",2021-05-24,"Chlorophyll","avg_chl",16.23,2021,5,24,144,""
"Muddy Creek",2021-05-24,"Chlorophyll sd","sd_chl",3.19,2021,5,24,144,""
"ODNR 6",2021-05-24,"Chlorophyll","avg_chl",NA,2021,5,24,144,""
"ODNR 6",2021-05-24,"Chlorophyll sd","sd_chl",NA,2021,5,24,144,""
"ODNR 4",2021-05-24,"Chlorophyll","avg_chl",NA,2021,5,24,144,""
"ODNR 4",2021-05-24,"Chlorophyll sd","sd_chl",NA,2021,5,24,144,""
"Bridge",2021-05-24,"Chlorophyll","avg_chl",9.36,2021,5,24,144,""
"Bridge",2021-05-24,"Chlorophyll sd","sd_chl",0.79,2021,5,24,144,""
"ODNR 2",2021-05-24,"Chlorophyll","avg_chl",NA,2021,5,24,144,""
"ODNR 2",2021-05-24,"Chlorophyll sd","sd_chl",NA,2021,5,24,144,""
"ODNR 1",2021-05-24,"Chlorophyll","avg_chl",NA,2021,5,24,144,""
"ODNR 1",2021-05-24,"Chlorophyll sd","sd_chl",NA,2021,5,24,144,""
"EC 1163",2021-05-24,"Chlorophyll","avg_chl",2.11,2021,5,24,144,""
"EC 1163",2021-05-24,"Chlorophyll sd","sd_chl",1.52,2021,5,24,144,""
"Buoy 2",2021-05-24,"Chlorophyll","avg_chl",1.71,2021,5,24,144,""
"Buoy 2",2021-05-24,"Chlorophyll sd","sd_chl",1.68,2021,5,24,144,""
"Bells",2021-05-24,"Chlorophyll","avg_chl",0.4,2021,5,24,144,""
"Bells",2021-05-24,"Chlorophyll sd","sd_chl",0.22,2021,5,24,144,""
"ODNR 6 Integrated",2021-05-24,"Chlorophyll","avg_chl",NA,2021,5,24,144,""
"ODNR 6 Integrated",2021-05-24,"Chlorophyll sd","sd_chl",NA,2021,5,24,144,""
"ODNR 4 Integrated",2021-05-24,"Chlorophyll","avg_chl",NA,2021,5,24,144,""
"ODNR 4 Integrated",2021-05-24,"Chlorophyll sd","sd_chl",NA,2021,5,24,144,""
"ODNR 2 Integrated",2021-05-24,"Chlorophyll","avg_chl",NA,2021,5,24,144,""
"ODNR 2 Integrated",2021-05-24,"Chlorophyll sd","sd_chl",NA,2021,5,24,144,""
"ODNR 1 Integrated",2021-05-24,"Chlorophyll","avg_chl",NA,2021,5,24,144,""
"ODNR 1 Integrated",2021-05-24,"Chlorophyll sd","sd_chl",NA,2021,5,24,144,""
"Muddy Creek",2021-07-12,"Chlorophyll","avg_chl",29.21,2021,7,12,193,""
"Muddy Creek",2021-07-12,"Chlorophyll sd","sd_chl",8.3,2021,7,12,193,""
"ODNR 6",2021-07-12,"Chlorophyll","avg_chl",18.83,2021,7,12,193,""
"ODNR 6",2021-07-12,"Chlorophyll sd","sd_chl",0.68,2021,7,12,193,""
"ODNR 4",2021-07-12,"Chlorophyll","avg_chl",42.35,2021,7,12,193,""
"ODNR 4",2021-07-12,"Chlorophyll sd","sd_chl",1.71,2021,7,12,193,""
"Bridge",2021-07-12,"Chlorophyll","avg_chl",17.19,2021,7,12,193,""
"Bridge",2021-07-12,"Chlorophyll sd","sd_chl",0.39,2021,7,12,193,""
"ODNR 2",2021-07-12,"Chlorophyll","avg_chl",13.33,2021,7,12,193,""
"ODNR 2",2021-07-12,"Chlorophyll sd","sd_chl",0.86,2021,7,12,193,""
"ODNR 1",2021-07-12,"Chlorophyll","avg_chl",13.68,2021,7,12,193,""
"ODNR 1",2021-07-12,"Chlorophyll sd","sd_chl",0.17,2021,7,12,193,""
"EC 1163",2021-07-12,"Chlorophyll","avg_chl",13.58,2021,7,12,193,""
"EC 1163",2021-07-12,"Chlorophyll sd","sd_chl",0.64,2021,7,12,193,""
"Buoy 2",2021-07-12,"Chlorophyll","avg_chl",12.58,2021,7,12,193,""
"Buoy 2",2021-07-12,"Chlorophyll sd","sd_chl",3.33,2021,7,12,193,""
"Bells",2021-07-12,"Chlorophyll","avg_chl",NA,2021,7,12,193,""
"Bells",2021-07-12,"Chlorophyll sd","sd_chl",NA,2021,7,12,193,""
"ODNR 6 Integrated",2021-07-12,"Chlorophyll","avg_chl",NA,2021,7,12,193,""
"ODNR 6 Integrated",2021-07-12,"Chlorophyll sd","sd_chl",NA,2021,7,12,193,""
"ODNR 4 Integrated",2021-07-12,"Chlorophyll","avg_chl",NA,2021,7,12,193,""
"ODNR 4 Integrated",2021-07-12,"Chlorophyll sd","sd_chl",NA,2021,7,12,193,""
"ODNR 2 Integrated",2021-07-12,"Chlorophyll","avg_chl",NA,2021,7,12,193,""
"ODNR 2 Integrated",2021-07-12,"Chlorophyll sd","sd_chl",NA,2021,7,12,193,""
"ODNR 1 Integrated",2021-07-12,"Chlorophyll","avg_chl",NA,2021,7,12,193,""
"ODNR 1 Integrated",2021-07-12,"Chlorophyll sd","sd_chl",NA,2021,7,12,193,""
"Muddy Creek",2021-07-19,"Chlorophyll","avg_chl",1.86,2021,7,19,200,""
"Muddy Creek",2021-07-19,"Chlorophyll sd","sd_chl",0.03,2021,7,19,200,""
"ODNR 6",2021-07-19,"Chlorophyll","avg_chl",32.94,2021,7,19,200,""
"ODNR 6",2021-07-19,"Chlorophyll sd","sd_chl",23.33,2021,7,19,200,""
"ODNR 4",2021-07-19,"Chlorophyll","avg_chl",3.75,2021,7,19,200,""
"ODNR 4",2021-07-19,"Chlorophyll sd","sd_chl",0.11,2021,7,19,200,""
"Bridge",2021-07-19,"Chlorophyll","avg_chl",31.58,2021,7,19,200,""
"Bridge",2021-07-19,"Chlorophyll sd","sd_chl",2.55,2021,7,19,200,""
"ODNR 2",2021-07-19,"Chlorophyll","avg_chl",28.12,2021,7,19,200,""
"ODNR 2",2021-07-19,"Chlorophyll sd","sd_chl",2.01,2021,7,19,200,""
"ODNR 1",2021-07-19,"Chlorophyll","avg_chl",18.95,2021,7,19,200,""
"ODNR 1",2021-07-19,"Chlorophyll sd","sd_chl",0.21,2021,7,19,200,""
"EC 1163",2021-07-19,"Chlorophyll","avg_chl",13.26,2021,7,19,200,""
"EC 1163",2021-07-19,"Chlorophyll sd","sd_chl",1.28,2021,7,19,200,""
"Buoy 2",2021-07-19,"Chlorophyll","avg_chl",33.3,2021,7,19,200,""
"Buoy 2",2021-07-19,"Chlorophyll sd","sd_chl",0.71,2021,7,19,200,""
"Bells",2021-07-19,"Chlorophyll","avg_chl",2.04,2021,7,19,200,""
"Bells",2021-07-19,"Chlorophyll sd","sd_chl",1.01,2021,7,19,200,""
"ODNR 6 Integrated",2021-07-19,"Chlorophyll","avg_chl",NA,2021,7,19,200,""
"ODNR 6 Integrated",2021-07-19,"Chlorophyll sd","sd_chl",NA,2021,7,19,200,""
"ODNR 4 Integrated",2021-07-19,"Chlorophyll","avg_chl",NA,2021,7,19,200,""
"ODNR 4 Integrated",2021-07-19,"Chlorophyll sd","sd_chl",NA,2021,7,19,200,""
"ODNR 2 Integrated",2021-07-19,"Chlorophyll","avg_chl",NA,2021,7,19,200,""
"ODNR 2 Integrated",2021-07-19,"Chlorophyll sd","sd_chl",NA,2021,7,19,200,""
"ODNR 1 Integrated",2021-07-19,"Chlorophyll","avg_chl",NA,2021,7,19,200,""
"ODNR 1 Integrated",2021-07-19,"Chlorophyll sd","sd_chl",NA,2021,7,19,200,""
"Muddy Creek",2021-08-30,"Chlorophyll","avg_chl",108.76,2021,8,30,242,""
"Muddy Creek",2021-08-30,"Chlorophyll sd","sd_chl",3.75,2021,8,30,242,""
"ODNR 6",2021-08-30,"Chlorophyll","avg_chl",79.4,2021,8,30,242,""
"ODNR 6",2021-08-30,"Chlorophyll sd","sd_chl",8.97,2021,8,30,242,""
"ODNR 4",2021-08-30,"Chlorophyll","avg_chl",103.02,2021,8,30,242,""
"ODNR 4",2021-08-30,"Chlorophyll sd","sd_chl",6.24,2021,8,30,242,""
"Bridge",2021-08-30,"Chlorophyll","avg_chl",92.42,2021,8,30,242,""
"Bridge",2021-08-30,"Chlorophyll sd","sd_chl",8.8,2021,8,30,242,""
"ODNR 2",2021-08-30,"Chlorophyll","avg_chl",65.64,2021,8,30,242,""
"ODNR 2",2021-08-30,"Chlorophyll sd","sd_chl",36.06,2021,8,30,242,""
"ODNR 1",2021-08-30,"Chlorophyll","avg_chl",80.78,2021,8,30,242,""
"ODNR 1",2021-08-30,"Chlorophyll sd","sd_chl",11.66,2021,8,30,242,""
"EC 1163",2021-08-30,"Chlorophyll","avg_chl",77.85,2021,8,30,242,""
"EC 1163",2021-08-30,"Chlorophyll sd","sd_chl",6.59,2021,8,30,242,""
"Buoy 2",2021-08-30,"Chlorophyll","avg_chl",90.16,2021,8,30,242,""
"Buoy 2",2021-08-30,"Chlorophyll sd","sd_chl",7.88,2021,8,30,242,""
"Bells",2021-08-30,"Chlorophyll","avg_chl",NA,2021,8,30,242,""
"Bells",2021-08-30,"Chlorophyll sd","sd_chl",NA,2021,8,30,242,""
"ODNR 6 Integrated",2021-08-30,"Chlorophyll","avg_chl",NA,2021,8,30,242,""
"ODNR 6 Integrated",2021-08-30,"Chlorophyll sd","sd_chl",NA,2021,8,30,242,""
"ODNR 4 Integrated",2021-08-30,"Chlorophyll","avg_chl",NA,2021,8,30,242,""
"ODNR 4 Integrated",2021-08-30,"Chlorophyll sd","sd_chl",NA,2021,8,30,242,""
"ODNR 2 Integrated",2021-08-30,"Chlorophyll","avg_chl",NA,2021,8,30,242,""
"ODNR 2 Integrated",2021-08-30,"Chlorophyll sd","sd_chl",NA,2021,8,30,242,""
"ODNR 1 Integrated",2021-08-30,"Chlorophyll","avg_chl",NA,2021,8,30,242,""
"ODNR 1 Integrated",2021-08-30,"Chlorophyll sd","sd_chl",NA,2021,8,30,242,""
"ODNR_2",2022-06-06,"Chlorophyll","avg_chl",49.31,2022,6,6,157,""
"ODNR_2",2022-06-06,"Chlorophyll sd","sd_chl",17.75,2022,6,6,157,""
"Buoy_2",2022-06-06,"Chlorophyll","avg_chl",58.55,2022,6,6,157,""
"Buoy_2",2022-06-06,"Chlorophyll sd","sd_chl",11.48,2022,6,6,157,""
"ODNR_1",2022-06-06,"Chlorophyll","avg_chl",64.06,2022,6,6,157,""
"ODNR_1",2022-06-06,"Chlorophyll sd","sd_chl",16.92,2022,6,6,157,""
"EC_1163",2022-06-06,"Chlorophyll","avg_chl",31.27,2022,6,6,157,""
"EC_1163",2022-06-06,"Chlorophyll sd","sd_chl",17.26,2022,6,6,157,""
"Bells",2022-06-06,"Chlorophyll","avg_chl",13.1,2022,6,6,157,""
"Bells",2022-06-06,"Chlorophyll sd","sd_chl",2.04,2022,6,6,157,""
"Muddy Creek",2022-06-13,"Chlorophyll","avg_chl",43.36,2022,6,13,164,""
"Muddy Creek",2022-06-13,"Chlorophyll sd","sd_chl",32.7,2022,6,13,164,""
"ODNR_4",2022-06-13,"Chlorophyll","avg_chl",40.14,2022,6,13,164,""
"ODNR_4",2022-06-13,"Chlorophyll sd","sd_chl",2.52,2022,6,13,164,""
"ODNR_6",2022-06-13,"Chlorophyll","avg_chl",125.03,2022,6,13,164,""
"ODNR_6",2022-06-13,"Chlorophyll sd","sd_chl",1.45,2022,6,13,164,""
"Bridge",2022-06-13,"Chlorophyll","avg_chl",85.75,2022,6,13,164,""
"Bridge",2022-06-13,"Chlorophyll sd","sd_chl",12.74,2022,6,13,164,""
"ODNR_2",2022-06-13,"Chlorophyll","avg_chl",102.34,2022,6,13,164,""
"ODNR_2",2022-06-13,"Chlorophyll sd","sd_chl",119.79,2022,6,13,164,""
"Buoy_2",2022-06-13,"Chlorophyll","avg_chl",32.33,2022,6,13,164,""
"Buoy_2",2022-06-13,"Chlorophyll sd","sd_chl",21.43,2022,6,13,164,""
"ODNR_1",2022-06-13,"Chlorophyll","avg_chl",107.46,2022,6,13,164,""
"ODNR_1",2022-06-13,"Chlorophyll sd","sd_chl",16.21,2022,6,13,164,""
"EC_1163",2022-06-13,"Chlorophyll","avg_chl",26.35,2022,6,13,164,""
"EC_1163",2022-06-13,"Chlorophyll sd","sd_chl",1.28,2022,6,13,164,""
"Bells",2022-06-13,"Chlorophyll","avg_chl",9.23,2022,6,13,164,""
"Bells",2022-06-13,"Chlorophyll sd","sd_chl",2.12,2022,6,13,164,""
"Muddy Creek",2022-06-21,"Chlorophyll","avg_chl",23.53,2022,6,21,172,""
"Muddy Creek",2022-06-21,"Chlorophyll sd","sd_chl",3.78,2022,6,21,172,""
"ODNR_4",2022-06-21,"Chlorophyll","avg_chl",70.38,2022,6,21,172,""
"ODNR_4",2022-06-21,"Chlorophyll sd","sd_chl",0.89,2022,6,21,172,""
"ODNR_6",2022-06-21,"Chlorophyll","avg_chl",83.21,2022,6,21,172,""
"ODNR_6",2022-06-21,"Chlorophyll sd","sd_chl",8.38,2022,6,21,172,""
"Bridge",2022-06-21,"Chlorophyll","avg_chl",76.13,2022,6,21,172,""
"Bridge",2022-06-21,"Chlorophyll sd","sd_chl",7.13,2022,6,21,172,""
"ODNR_2",2022-06-21,"Chlorophyll","avg_chl",66.49,2022,6,21,172,""
"ODNR_2",2022-06-21,"Chlorophyll sd","sd_chl",36.95,2022,6,21,172,""
"Buoy_2",2022-06-21,"Chlorophyll","avg_chl",64.53,2022,6,21,172,""
"Buoy_2",2022-06-21,"Chlorophyll sd","sd_chl",24.79,2022,6,21,172,""
"ODNR_1",2022-06-21,"Chlorophyll","avg_chl",42.07,2022,6,21,172,""
"ODNR_1",2022-06-21,"Chlorophyll sd","sd_chl",0.58,2022,6,21,172,""
"EC_1163",2022-06-21,"Chlorophyll","avg_chl",43.28,2022,6,21,172,""
"EC_1163",2022-06-21,"Chlorophyll sd","sd_chl",2.68,2022,6,21,172,""
"Bells",2022-06-21,"Chlorophyll","avg_chl",21.31,2022,6,21,172,""
"Bells",2022-06-21,"Chlorophyll sd","sd_chl",3.27,2022,6,21,172,""
"Muddy Creek",2022-06-27,"Chlorophyll","avg_chl",71.18,2022,6,27,178,""
"Muddy Creek",2022-06-27,"Chlorophyll sd","sd_chl",46.75,2022,6,27,178,""
"ODNR_4",2022-06-27,"Chlorophyll","avg_chl",112.51,2022,6,27,178,""
"ODNR_4",2022-06-27,"Chlorophyll sd","sd_chl",19.48,2022,6,27,178,""
"ODNR_6",2022-06-27,"Chlorophyll","avg_chl",48.87,2022,6,27,178,""
"ODNR_6",2022-06-27,"Chlorophyll sd","sd_chl",38.94,2022,6,27,178,""
"Bridge",2022-06-27,"Chlorophyll","avg_chl",96.21,2022,6,27,178,""
"Bridge",2022-06-27,"Chlorophyll sd","sd_chl",10.68,2022,6,27,178,""
"ODNR_2",2022-06-27,"Chlorophyll","avg_chl",59.94,2022,6,27,178,""
"ODNR_2",2022-06-27,"Chlorophyll sd","sd_chl",5.1,2022,6,27,178,""
"Buoy_2",2022-06-27,"Chlorophyll","avg_chl",34.15,2022,6,27,178,""
"Buoy_2",2022-06-27,"Chlorophyll sd","sd_chl",14.12,2022,6,27,178,""
"ODNR_1",2022-06-27,"Chlorophyll","avg_chl",41.26,2022,6,27,178,""
"ODNR_1",2022-06-27,"Chlorophyll sd","sd_chl",18.89,2022,6,27,178,""
"EC_1163",2022-06-27,"Chlorophyll","avg_chl",64.33,2022,6,27,178,""
"EC_1163",2022-06-27,"Chlorophyll sd","sd_chl",56.33,2022,6,27,178,""
"Muddy Creek",2022-07-05,"Chlorophyll","avg_chl",298.47,2022,7,5,186,""
"Muddy Creek",2022-07-05,"Chlorophyll sd","sd_chl",151.63,2022,7,5,186,""
"ODNR_4",2022-07-05,"Chlorophyll","avg_chl",114.65,2022,7,5,186,""
"ODNR_4",2022-07-05,"Chlorophyll sd","sd_chl",46.25,2022,7,5,186,""
"ODNR_6",2022-07-05,"Chlorophyll","avg_chl",98.52,2022,7,5,186,""
"ODNR_6",2022-07-05,"Chlorophyll sd","sd_chl",22.14,2022,7,5,186,""
"Bridge",2022-07-05,"Chlorophyll","avg_chl",34.82,2022,7,5,186,""
"Bridge",2022-07-05,"Chlorophyll sd","sd_chl",32.93,2022,7,5,186,""
"ODNR_2",2022-07-05,"Chlorophyll","avg_chl",80.37,2022,7,5,186,""
"ODNR_2",2022-07-05,"Chlorophyll sd","sd_chl",4.09,2022,7,5,186,""
"Buoy_2",2022-07-05,"Chlorophyll","avg_chl",39.12,2022,7,5,186,""
"Buoy_2",2022-07-05,"Chlorophyll sd","sd_chl",19.24,2022,7,5,186,""
"ODNR_1",2022-07-05,"Chlorophyll","avg_chl",59.61,2022,7,5,186,""
"ODNR_1",2022-07-05,"Chlorophyll sd","sd_chl",13.74,2022,7,5,186,""
"EC_1163",2022-07-05,"Chlorophyll","avg_chl",36,2022,7,5,186,""
"EC_1163",2022-07-05,"Chlorophyll sd","sd_chl",9.26,2022,7,5,186,""
"Muddy Creek",2022-07-11,"Chlorophyll","avg_chl",180.92,2022,7,11,192,""
"Muddy Creek",2022-07-11,"Chlorophyll sd","sd_chl",17.54,2022,7,11,192,""
"ODNR_4",2022-07-11,"Chlorophyll","avg_chl",142.57,2022,7,11,192,""
"ODNR_4",2022-07-11,"Chlorophyll sd","sd_chl",20.59,2022,7,11,192,""
"ODNR_6",2022-07-11,"Chlorophyll","avg_chl",164.42,2022,7,11,192,""
"ODNR_6",2022-07-11,"Chlorophyll sd","sd_chl",10,2022,7,11,192,""
"Bridge",2022-07-11,"Chlorophyll","avg_chl",71.32,2022,7,11,192,""
"Bridge",2022-07-11,"Chlorophyll sd","sd_chl",58.59,2022,7,11,192,""
"ODNR_2",2022-07-11,"Chlorophyll","avg_chl",34.16,2022,7,11,192,""
"ODNR_2",2022-07-11,"Chlorophyll sd","sd_chl",29.35,2022,7,11,192,""
"Buoy_2",2022-07-11,"Chlorophyll","avg_chl",36.92,2022,7,11,192,""
"Buoy_2",2022-07-11,"Chlorophyll sd","sd_chl",28.93,2022,7,11,192,""
"ODNR_1",2022-07-11,"Chlorophyll","avg_chl",36.17,2022,7,11,192,""
"ODNR_1",2022-07-11,"Chlorophyll sd","sd_chl",14.49,2022,7,11,192,""
"EC_1163",2022-07-11,"Chlorophyll","avg_chl",51.63,2022,7,11,192,""
"EC_1163",2022-07-11,"Chlorophyll sd","sd_chl",9.85,2022,7,11,192,""
"Bells",2022-07-11,"Chlorophyll","avg_chl",32.35,2022,7,11,192,""
"Bells",2022-07-11,"Chlorophyll sd","sd_chl",4.16,2022,7,11,192,""
"Muddy Creek",2022-07-18,"Chlorophyll","avg_chl",71.78,2022,7,18,199,""
"Muddy Creek",2022-07-18,"Chlorophyll sd","sd_chl",10.33,2022,7,18,199,""
"ODNR_4",2022-07-18,"Chlorophyll","avg_chl",73.24,2022,7,18,199,""
"ODNR_4",2022-07-18,"Chlorophyll sd","sd_chl",8.21,2022,7,18,199,""
"ODNR_6",2022-07-18,"Chlorophyll","avg_chl",88.35,2022,7,18,199,""
"ODNR_6",2022-07-18,"Chlorophyll sd","sd_chl",23.41,2022,7,18,199,""
"Bridge",2022-07-18,"Chlorophyll","avg_chl",85.03,2022,7,18,199,""
"Bridge",2022-07-18,"Chlorophyll sd","sd_chl",5.02,2022,7,18,199,""
"ODNR_2",2022-07-18,"Chlorophyll","avg_chl",51.47,2022,7,18,199,""
"ODNR_2",2022-07-18,"Chlorophyll sd","sd_chl",1.02,2022,7,18,199,""
"Buoy_2",2022-07-18,"Chlorophyll","avg_chl",16.3,2022,7,18,199,""
"Buoy_2",2022-07-18,"Chlorophyll sd","sd_chl",12.63,2022,7,18,199,""
"ODNR_1",2022-07-18,"Chlorophyll","avg_chl",32.9,2022,7,18,199,""
"ODNR_1",2022-07-18,"Chlorophyll sd","sd_chl",3.55,2022,7,18,199,""
"EC_1163",2022-07-18,"Chlorophyll","avg_chl",34.77,2022,7,18,199,""
"EC_1163",2022-07-18,"Chlorophyll sd","sd_chl",26.48,2022,7,18,199,""
"Causeway",2022-07-18,"Chlorophyll","avg_chl",57.03,2022,7,18,199,""
"Causeway",2022-07-18,"Chlorophyll sd","sd_chl",0.56,2022,7,18,199,""
"Bells",2022-07-18,"Chlorophyll","avg_chl",13.01,2022,7,18,199,""
"Bells",2022-07-18,"Chlorophyll sd","sd_chl",9.99,2022,7,18,199,""
"Muddy Creek",2022-07-25,"Chlorophyll","avg_chl",127.62,2022,7,25,206,""
"Muddy Creek",2022-07-25,"Chlorophyll sd","sd_chl",15.32,2022,7,25,206,""
"ODNR_4",2022-07-25,"Chlorophyll","avg_chl",78.75,2022,7,25,206,""
"ODNR_4",2022-07-25,"Chlorophyll sd","sd_chl",66.4,2022,7,25,206,""
"ODNR_6",2022-07-25,"Chlorophyll","avg_chl",167.2,2022,7,25,206,""
"ODNR_6",2022-07-25,"Chlorophyll sd","sd_chl",77.83,2022,7,25,206,""
"Bridge",2022-07-25,"Chlorophyll","avg_chl",57.46,2022,7,25,206,""
"Bridge",2022-07-25,"Chlorophyll sd","sd_chl",42.43,2022,7,25,206,""
"ODNR_2",2022-07-25,"Chlorophyll","avg_chl",41.25,2022,7,25,206,""
"ODNR_2",2022-07-25,"Chlorophyll sd","sd_chl",18.78,2022,7,25,206,""
"Buoy_2",2022-07-25,"Chlorophyll","avg_chl",54.58,2022,7,25,206,""
"Buoy_2",2022-07-25,"Chlorophyll sd","sd_chl",20.48,2022,7,25,206,""
"ODNR_1",2022-07-25,"Chlorophyll","avg_chl",69.58,2022,7,25,206,""
"ODNR_1",2022-07-25,"Chlorophyll sd","sd_chl",4.56,2022,7,25,206,""
"EC_1163",2022-07-25,"Chlorophyll","avg_chl",57,2022,7,25,206,""
"EC_1163",2022-07-25,"Chlorophyll sd","sd_chl",12.7,2022,7,25,206,""
"Causeway",2022-07-25,"Chlorophyll","avg_chl",44.04,2022,7,25,206,""
"Causeway",2022-07-25,"Chlorophyll sd","sd_chl",15.4,2022,7,25,206,""
"Bells",2022-07-25,"Chlorophyll","avg_chl",14.92,2022,7,25,206,""
"Bells",2022-07-25,"Chlorophyll sd","sd_chl",2.1,2022,7,25,206,""
"Muddy Creek",2022-08-01,"Chlorophyll","avg_chl",185.08,2022,8,1,213,""
"Muddy Creek",2022-08-01,"Chlorophyll sd","sd_chl",18.1,2022,8,1,213,""
"ODNR_4",2022-08-01,"Chlorophyll","avg_chl",91.59,2022,8,1,213,""
"ODNR_4",2022-08-01,"Chlorophyll sd","sd_chl",23.02,2022,8,1,213,""
"ODNR_6",2022-08-01,"Chlorophyll","avg_chl",127.66,2022,8,1,213,""
"ODNR_6",2022-08-01,"Chlorophyll sd","sd_chl",4.57,2022,8,1,213,""
"Bridge",2022-08-01,"Chlorophyll","avg_chl",93.38,2022,8,1,213,""
"Bridge",2022-08-01,"Chlorophyll sd","sd_chl",20.7,2022,8,1,213,""
"ODNR_2",2022-08-01,"Chlorophyll","avg_chl",67.32,2022,8,1,213,""
"ODNR_2",2022-08-01,"Chlorophyll sd","sd_chl",10.14,2022,8,1,213,""
"Buoy_2",2022-08-01,"Chlorophyll","avg_chl",18.77,2022,8,1,213,""
"Buoy_2",2022-08-01,"Chlorophyll sd","sd_chl",23.7,2022,8,1,213,""
"ODNR_1",2022-08-01,"Chlorophyll","avg_chl",42.06,2022,8,1,213,""
"ODNR_1",2022-08-01,"Chlorophyll sd","sd_chl",7.69,2022,8,1,213,""
"EC_1163",2022-08-01,"Chlorophyll","avg_chl",65.11,2022,8,1,213,""
"EC_1163",2022-08-01,"Chlorophyll sd","sd_chl",0.39,2022,8,1,213,""
"Causeway",2022-08-01,"Chlorophyll","avg_chl",52.21,2022,8,1,213,""
"Causeway",2022-08-01,"Chlorophyll sd","sd_chl",5.69,2022,8,1,213,""
"Bells",2022-08-01,"Chlorophyll","avg_chl",18.65,2022,8,1,213,""
"Bells",2022-08-01,"Chlorophyll sd","sd_chl",0.28,2022,8,1,213,""
"ODNR_4",2022-08-09,"Chlorophyll","avg_chl",127.63,2022,8,9,221,""
"ODNR_4",2022-08-09,"Chlorophyll sd","sd_chl",2.54,2022,8,9,221,""
"ODNR_6",2022-08-09,"Chlorophyll","avg_chl",125.17,2022,8,9,221,""
"ODNR_6",2022-08-09,"Chlorophyll sd","sd_chl",1.27,2022,8,9,221,""
"Bridge",2022-08-09,"Chlorophyll","avg_chl",92.02,2022,8,9,221,""
"Bridge",2022-08-09,"Chlorophyll sd","sd_chl",2.98,2022,8,9,221,""
"ODNR_2",2022-08-09,"Chlorophyll","avg_chl",77.61,2022,8,9,221,""
"ODNR_2",2022-08-09,"Chlorophyll sd","sd_chl",3.12,2022,8,9,221,""
"ODNR_1",2022-08-09,"Chlorophyll","avg_chl",87.58,2022,8,9,221,""
"ODNR_1",2022-08-09,"Chlorophyll sd","sd_chl",2.32,2022,8,9,221,""
"Causeway",2022-08-09,"Chlorophyll","avg_chl",94.92,2022,8,9,221,""
"Causeway",2022-08-09,"Chlorophyll sd","sd_chl",1.42,2022,8,9,221,""
"Muddy Creek",2022-08-15,"Chlorophyll","avg_chl",39.47,2022,8,15,227,""
"Muddy Creek",2022-08-15,"Chlorophyll sd","sd_chl",11.57,2022,8,15,227,""
"ODNR_4",2022-08-15,"Chlorophyll","avg_chl",52.41,2022,8,15,227,""
"ODNR_4",2022-08-15,"Chlorophyll sd","sd_chl",42.11,2022,8,15,227,""
"ODNR_6",2022-08-15,"Chlorophyll","avg_chl",48.19,2022,8,15,227,""
"ODNR_6",2022-08-15,"Chlorophyll sd","sd_chl",5.75,2022,8,15,227,""
"Bridge",2022-08-15,"Chlorophyll","avg_chl",64.35,2022,8,15,227,""
"Bridge",2022-08-15,"Chlorophyll sd","sd_chl",23.16,2022,8,15,227,""
"ODNR_2",2022-08-15,"Chlorophyll","avg_chl",42.1,2022,8,15,227,""
"ODNR_2",2022-08-15,"Chlorophyll sd","sd_chl",3.06,2022,8,15,227,""
"Buoy_2",2022-08-15,"Chlorophyll","avg_chl",51.51,2022,8,15,227,""
"Buoy_2",2022-08-15,"Chlorophyll sd","sd_chl",1.87,2022,8,15,227,""
"ODNR_1",2022-08-15,"Chlorophyll","avg_chl",24.84,2022,8,15,227,""
"ODNR_1",2022-08-15,"Chlorophyll sd","sd_chl",13.4,2022,8,15,227,""
"EC_1163",2022-08-15,"Chlorophyll","avg_chl",10.72,2022,8,15,227,""
"EC_1163",2022-08-15,"Chlorophyll sd","sd_chl",9.21,2022,8,15,227,""
"Causeway",2022-08-15,"Chlorophyll","avg_chl",24.09,2022,8,15,227,""
"Causeway",2022-08-15,"Chlorophyll sd","sd_chl",22.18,2022,8,15,227,""
"Causeway inside",2022-06-27,"Chlorophyll","avg_chl",13.76,2022,6,27,178,""
"Causeway inside",2022-06-27,"Chlorophyll sd","sd_chl",NA,2022,6,27,178,""
"Causeway outside",2022-06-27,"Chlorophyll","avg_chl",32.14,2022,6,27,178,""
"Causeway outside",2022-06-27,"Chlorophyll sd","sd_chl",NA,2022,6,27,178,""
"Causeway outside",2022-07-12,"Chlorophyll","avg_chl",2,2022,7,12,193,""
"Causeway outside",2022-07-12,"Chlorophyll sd","sd_chl",NA,2022,7,12,193,""
"Causeway inside",2022-07-27,"Chlorophyll","avg_chl",5.24,2022,7,27,208,""
"Causeway inside",2022-07-27,"Chlorophyll sd","sd_chl",NA,2022,7,27,208,""
"Causeway outside",2022-07-27,"Chlorophyll","avg_chl",7.06,2022,7,27,208,""
"Causeway outside",2022-07-27,"Chlorophyll sd","sd_chl",NA,2022,7,27,208,""
"Muddy Creek",2022-08-29,"Chlorophyll","avg_chl",88.34,2022,8,29,241,""
"Muddy Creek",2022-08-29,"Chlorophyll sd","sd_chl",4.73,2022,8,29,241,""
"ODNR_4",2022-08-29,"Chlorophyll","avg_chl",73.68,2022,8,29,241,""
"ODNR_4",2022-08-29,"Chlorophyll sd","sd_chl",4.19,2022,8,29,241,""
"ODNR_6",2022-08-29,"Chlorophyll","avg_chl",61.99,2022,8,29,241,""
"ODNR_6",2022-08-29,"Chlorophyll sd","sd_chl",2.77,2022,8,29,241,""
"Bridge",2022-08-29,"Chlorophyll","avg_chl",31.45,2022,8,29,241,""
"Bridge",2022-08-29,"Chlorophyll sd","sd_chl",29.12,2022,8,29,241,""
"ODNR_2",2022-08-29,"Chlorophyll","avg_chl",53.74,2022,8,29,241,""
"ODNR_2",2022-08-29,"Chlorophyll sd","sd_chl",1.31,2022,8,29,241,""
"Buoy_2",2022-08-29,"Chlorophyll","avg_chl",64.27,2022,8,29,241,""
"Buoy_2",2022-08-29,"Chlorophyll sd","sd_chl",3.24,2022,8,29,241,""
"ODNR_1",2022-08-29,"Chlorophyll","avg_chl",62.53,2022,8,29,241,""
"ODNR_1",2022-08-29,"Chlorophyll sd","sd_chl",4.09,2022,8,29,241,""
"EC_1163",2022-08-29,"Chlorophyll","avg_chl",65.39,2022,8,29,241,""
"EC_1163",2022-08-29,"Chlorophyll sd","sd_chl",2.11,2022,8,29,241,""
"Causeway",2022-08-29,"Chlorophyll","avg_chl",49.85,2022,8,29,241,""
"Causeway",2022-08-29,"Chlorophyll sd","sd_chl",8.24,2022,8,29,241,""
"Muddy Creek",2022-09-12,"Chlorophyll","avg_chl",120.43,2022,9,12,255,""
"Muddy Creek",2022-09-12,"Chlorophyll sd","sd_chl",5.54,2022,9,12,255,""
"ODNR_4",2022-09-12,"Chlorophyll","avg_chl",81.56,2022,9,12,255,""
"ODNR_4",2022-09-12,"Chlorophyll sd","sd_chl",9,2022,9,12,255,""
"ODNR_6",2022-09-12,"Chlorophyll","avg_chl",77.42,2022,9,12,255,""
"ODNR_6",2022-09-12,"Chlorophyll sd","sd_chl",4.98,2022,9,12,255,""
"Bridge",2022-09-12,"Chlorophyll","avg_chl",42.39,2022,9,12,255,""
"Bridge",2022-09-12,"Chlorophyll sd","sd_chl",26.15,2022,9,12,255,""
"ODNR_2",2022-09-12,"Chlorophyll","avg_chl",60.2,2022,9,12,255,""
"ODNR_2",2022-09-12,"Chlorophyll sd","sd_chl",2.18,2022,9,12,255,""
"Buoy_2",2022-09-12,"Chlorophyll","avg_chl",63.94,2022,9,12,255,""
"Buoy_2",2022-09-12,"Chlorophyll sd","sd_chl",1.35,2022,9,12,255,""
"ODNR_1",2022-09-12,"Chlorophyll","avg_chl",70.51,2022,9,12,255,""
"ODNR_1",2022-09-12,"Chlorophyll sd","sd_chl",2.46,2022,9,12,255,""
"EC_1163",2022-09-12,"Chlorophyll","avg_chl",55.78,2022,9,12,255,""
"EC_1163",2022-09-12,"Chlorophyll sd","sd_chl",4.79,2022,9,12,255,""
"Causeway",2022-09-12,"Chlorophyll","avg_chl",44.11,2022,9,12,255,""
"Causeway",2022-09-12,"Chlorophyll sd","sd_chl",22.15,2022,9,12,255,""
"Causeway inside",2022-08-10,"Chlorophyll","avg_chl",16.16,2022,8,10,222,""
"Causeway inside",2022-08-10,"Chlorophyll sd","sd_chl",NA,2022,8,10,222,""
"Causeway inside",2022-09-03,"Chlorophyll","avg_chl",27.07,2022,9,3,246,""
"Causeway inside",2022-09-03,"Chlorophyll sd","sd_chl",NA,2022,9,3,246,""
"Causeway outside",2022-08-10,"Chlorophyll","avg_chl",23.4,2022,8,10,222,""
"Causeway outside",2022-08-10,"Chlorophyll sd","sd_chl",NA,2022,8,10,222,""
"Causeway outside",2022-09-03,"Chlorophyll","avg_chl",4.54,2022,9,3,246,""
"Causeway outside",2022-09-03,"Chlorophyll sd","sd_chl",NA,2022,9,3,246,""
